,index,English,Hebrew
0,1,come,בא
1,2,Ga,גא
2,11,No,לא
3,12,Ma,מא
4,13,please,נא
5,21,cell,תא
6,22,father,אב
7,23,b,בב
8,24,back,גב
9,29,indebted,חב
10,30,Tab,טב
11,33,heart,לב
12,36,grandfather,סב
13,39,turtle,צב
14,40,crutch,קב
15,43,Tab,תב
16,45,B,בג
17,46,roof,גג
18,48,H,הג
19,58,seg,סג
20,65,tag,תג
21,66,Ed,אד
22,67,cloth,בד
23,68,Gad,גד
24,69,brisket,דד
25,70,echo,הד
26,73,sharp,חד
27,74,Ted,טד
28,76,jug,כד
29,78,gauge,מד
30,79,Ned,נד
31,80,chock,סד
32,83,trapping,צד
33,87,Ted,תד
34,88,Ah,אה
35,90,Gee,גה
36,92,The,הה
37,97,God,יה
38,98,so,כה
39,99,her,לה
40,100,what,מה
41,107,re,רה
42,108,that,שה
43,109,tea,תה
44,110,or,או
45,113,two,דו
46,115,hook,וו
47,116,this,זו
48,117,Hu,חו
49,120,c,כו
50,122,Mo,מו
51,124,Sue,סו
52,125,O,עו
53,127,order,צו
54,128,line,קו
55,130,Shaw,שו
56,131,note,תו
57,133,falcon,בז
58,134,gas,גז
59,136,the,הז
60,138,moving,זז
61,143,to,לז
62,144,from,מז
63,147,goat,עז
64,150,gauze,קז
65,154,brother,אח
66,155,b,בח
67,158,H,הח
68,159,and,וח
69,161,hook,חח
70,164,power,כח
71,165,damp,לח
72,166,brain,מח
73,167,Noah,נח
74,169,ugh,עח
75,170,tin,פח
76,171,fresh,צח
77,172,take,קח
78,176,slowly,אט
79,178,divorce,גט
80,180,the,הט
81,181,watt,וט
82,183,needle,חט
83,188,Matt,מט
84,189,Net,נט
85,191,pen,עט
86,192,Pat,פט
87,194,small,קט
88,200,Gi,גי
89,201,enough,די
90,203,V,וי
91,204,Z,זי
92,205,live,חי
93,206,T,טי
94,212,si,סי
95,214,times,פי
96,215,fleet,צי
97,218,gift,שי
98,219,you,תי
99,220,but,אך
100,223,lowly,דך
101,226,pure,זך
102,227,palate,חך
103,228,Tech,טך
104,229,you,יך
105,230,so,כך
106,232,infra,מך
107,234,amount,סך
108,236,jug,פך
109,239,soft,רך
110,240,your,שך
111,241,stitch,תך
112,242,to,אל
113,244,wave,גל
114,245,poor,דל
115,246,cardamom,הל
116,249,applicable,חל
117,252,all,כל
118,255,Nell,נל
119,256,basket,סל
120,259,shadow,צל
121,260,easy,קל
122,262,of,של
123,266,also,גם
124,267,blood,דם
125,268,they,הם
126,271,hot,חם
127,273,sea,ים
128,278,drug,סם
129,280,Pam,פם
130,281,fasting,צם
131,283,loud,רם
132,285,finished,תם
133,286,Ann,אן
134,287,son,בן
135,288,garden,גן
136,289,Dan,דן
137,290,they,הן
138,292,strain,זן
139,293,Grace,חן
140,295,yen,ין
141,297,Len,לן
142,298,from,מן
143,299,nan,נן
144,302,lest,פן
145,303,briar,צן
146,304,nest,קן
147,305,Ran,רן
148,306,tooth,שן
149,307,give,תן
150,308,ace,אס
151,309,bass,בס
152,310,coarse,גס
153,316,fly,טס
154,318,throne,כס
155,319,Les,לס
156,320,tax,מס
157,321,miracle,נס
158,322,moth,סס
159,323,it,עס
160,324,stripe,פס
161,330,A,אע
162,332,touch,גע
163,333,know,דע
164,334,the,הע
165,335,and,וע
166,336,move,זע
167,338,wrong,טע
168,340,ca,כע
169,341,to,לע
170,342,Ma,מע
171,343,moving,נע
172,344,go,סע
173,347,walk,צע
174,350,h,שע
175,354,limb,גף
176,355,page,דף
177,359,innocent,חף
178,362,tablespoon,כף
179,366,threshold,סף
180,367,fly,עף
181,369,floating,צף
182,372,chef,שף
183,373,drum,תף
184,375,mud,בץ
185,376,spark,גץ
186,379,and,וץ
187,381,arrow,חץ
188,385,playful,לץ
189,390,burst,פץ
190,392,end,קץ
191,393,running,רץ
192,397,Beck,בק
193,398,jack,גק
194,399,thin,דק
195,401,and,וק
196,404,Tech,טק
197,407,Polish,לק
198,408,Mac,מק
199,415,only,רק
200,416,bag,שק
201,418,R,אר
202,419,bar,בר
203,420,live,גר
204,424,foreign,זר
205,425,damn,חר
206,428,pillow,כר
207,429,L,לר
208,430,Mr,מר
209,431,candle,נר
210,432,sir,סר
211,433,awake,ער
212,434,bull,פר
213,435,narrow,צר
214,436,cold,קר
215,438,minister,שר
216,440,fire,אש
217,442,approach,גש
218,443,flap,דש
219,444,The,הש
220,447,felt,חש
221,452,from,מש
222,455,moth,עש
223,458,straw,קש
224,460,six,שש
225,465,religion,דת
226,466,The,הת
227,467,and,ות
228,468,this,זת
229,472,sect,כת
230,473,to,לת
231,474,dead,מת
232,476,Seth,סת
233,477,time,עת
234,478,bread,פת
235,480,butt,קת
236,483,sub,תת
237,494,like,כאא
238,495,No,לאא
239,497,naa,נאא
240,503,see,ראא
241,506,father,אאב
242,509,dove,דאב
243,512,Wolf,זאב
244,514,Tab,טאב
245,521,sad,עאב
246,522,pub,פאב
247,523,turtle,צאב
248,525,Rab,ראב
249,526,drew,שאב
250,527,greedy,תאב
251,528,ugh,אאג
252,531,worried,דאג
253,534,zag,זאג
254,535,hag,חאג
255,536,tag,טאג
256,541,nag,נאג
257,542,sag,סאג
258,549,tag,תאג
259,551,Bud,באד
260,552,Gad,גאד
261,558,Tad,טאד
262,559,yad,יאד
263,560,as,כאד
264,562,very,מאד
265,571,Thad,תאד
266,573,came,באה
267,581,proper,יאה
268,583,Leah,לאה
269,584,century,מאה
270,588,wig,פאה
271,592,shah,שאה
272,593,camel,תאה
273,595,came,באו
274,602,Tao,טאו
275,604,came,כאו
276,605,No,לאו
277,610,pow,פאו
278,613,see,ראו
279,615,bison,תאו
280,616,and,אאז
281,618,gas,גאז
282,619,then,דאז
283,620,then,האז
284,627,Laz,לאז
285,628,since,מאז
286,637,then,תאז
287,641,dah,דאח
288,651,sigh,נאח
289,658,brother,שאח
290,668,Tat,טאט
291,669,Jat,יאט
292,670,slowly,כאט
293,671,slowly,לאט
294,675,slow,עאט
295,676,Pat,פאט
296,677,chat,צאט
297,678,Cat,קאט
298,684,Guy,גאי
299,690,Tai,טאי
300,694,May,מאי
301,695,handsome,נאי
302,698,pie,פאי
303,703,cellular,תאי
304,710,Zach,זאך
305,711,you,חאך
306,717,after,נאך
307,723,saw,ראך
308,725,your,תאך
309,733,Hal,חאל
310,734,Tal,טאל
311,739,please,נאל
312,740,Sal,סאל
313,747,Tal,תאל
314,762,Sam,סאם
315,764,Pam,פאם
316,765,fasting,צאם
317,770,Ann,אאן
318,771,Ban,באן
319,775,Van,ואן
320,776,Zan,זאן
321,777,khan,חאן
322,779,Jan,יאן
323,781,where,לאן
324,786,pan,פאן
325,787,sheep,צאן
326,789,Ran,ראן
327,790,Shan,שאן
328,791,fig,תאן
329,794,Gus,גאס
330,807,As,עאס
331,815,came,באע
332,817,dae,דאע
333,819,and,ואע
334,822,tae,טאע
335,824,like,כאע
336,827,nice,נאע
337,856,breathed,שאף
338,874,patch,פאץ
339,877,ran,ראץ
340,892,Mac,מאק
341,897,Chuck,צאק
342,898,jackdaw,קאק
343,903,well,באר
344,913,Lar,לאר
345,914,Mar,מאר
346,916,Sir,סאר
347,918,luxury,פאר
348,919,czar,צאר
349,922,rest,שאר
350,943,head,ראש
351,952,this,זאת
352,954,tat,טאת
353,968,father,אבא
354,969,baba,בבא
355,970,back,גבא
356,981,prophet,נבא
357,982,grandfather,סבא
358,984,Faba,פבא
359,989,come,תבא
360,990,abb,אבב
361,992,pile,גבב
362,997,like,חבב
363,999,whine,יבב
364,1001,heart,לבב
365,1004,round,סבב
366,1008,kebab,קבב
367,1009,stain,רבב
368,1010,chip,שבב
369,1025,spore,נבג
370,1034,lost,אבד
371,1037,David,דבד
372,1040,civet,זבד
373,1043,cloth,יבד
374,1044,liver,כבד
375,1046,fabric,מבד
376,1049,slave,עבד
377,1053,layer,רבד
378,1055,cheat,תבד
379,1056,father,אבה
380,1058,eyebrow,גבה
381,1063,fondness,חבה
382,1064,good,טבה
383,1067,lava,לבה
384,1071,thick,עבה
385,1072,Faba,פבה
386,1074,digestion,קבה
387,1077,ark,תבה
388,1078,Abu,אבו
389,1086,taboo,טבו
390,1090,from,מבו
391,1095,position,צבו
392,1096,wait,קבו
393,1097,fight,רבו
394,1098,sit,שבו
395,1099,write,תבו
396,1106,wasted,זבז
397,1112,scornful,מבז
398,1117,spend,צבז
399,1121,despise,תבז
400,1125,cooking,דבח
401,1126,notice,הבח
402,1128,sacrifice,זבח
403,1133,check,לבח
404,1134,test,מבח
405,1137,worked,עבח
406,1138,crack,פבח
407,1140,get,קבח
408,1141,profit,רבח
409,1142,praise,שבח
410,1143,cook,תבח
411,1151,hit,חבט
412,1153,aspect,יבט
413,1156,look,מבט
414,1157,germ,נבט
415,1159,hit,עבט
416,1161,pinch,צבט
417,1163,platoon,רבט
418,1164,tribe,שבט
419,1167,baby,בבי
420,1169,Debbie,דבי
421,1174,naturally,טבי
422,1181,thick,עבי
423,1182,Phoebe,פבי
424,1183,deer,צבי
425,1186,captivity,שבי
426,1202,tangle,סבך
427,1203,thick,עבך
428,1210,but,אבל
429,1212,limit,גבל
430,1214,steam,הבל
431,1216,manure,זבל
432,1218,dipped,טבל
433,1220,cable,כבל
434,1223,harp,נבל
435,1225,Abel,עבל
436,1227,sable,צבל
437,1228,get,קבל
438,1231,world,תבל
439,1241,yawn,יבם
440,1247,thick,עבם
441,1254,stone,אבן
442,1256,humpback,גבן
443,1260,salesman,זבן
444,1265,white,לבן
445,1268,Saban,סבן
446,1272,Kevan,קבן
447,1273,rabbi,רבן
448,1275,straw,תבן
449,1278,plaster,גבס
450,1286,wash,כבס
451,1287,wear,לבס
452,1288,defeat,מבס
453,1294,nausea,קבס
454,1295,rhubarb,רבס
455,1297,defeat,תבס
456,1298,Abe,אבע
457,1302,express,הבע
458,1306,nature,טבע
459,1308,cap,כבע
460,1309,swallow,לבע
461,1310,expression,מבע
462,1311,arose,נבע
463,1312,seven,סבע
464,1313,bubbly,עבע
465,1314,Phoebe,פבע
466,1316,fix,קבע
467,1318,seven,שבע
468,1327,buff,חבף
469,1330,as,כבף
470,1334,round,סבף
471,1341,bang,תבף
472,1342,zinc,אבץ
473,1350,dipped,טבץ
474,1351,egg,יבץ
475,1355,sprout,נבץ
476,1357,mold,עבץ
477,1360,file,קבץ
478,1363,beware,תבץ
479,1364,dust,אבק
480,1372,tobacco,טבק
481,1383,Rebecca,רבק
482,1385,tobacco,תבק
483,1386,organ,אבר
484,1388,man,גבר
485,1392,zebra,זבר
486,1394,navel,טבר
487,1396,already,כבר
488,1400,explanation,סבר
489,1403,Sabra,צבר
490,1404,grave,קבר
491,1410,crystal,גבש
492,1411,honey,דבש
493,1417,dry,יבש
494,1420,dry,מבש
495,1423,moldy,עבש
496,1426,collect,קבש
497,1430,father,אבת
498,1436,gout,זבת
499,1440,daughter,כבת
500,1444,grandmother,סבת
501,1445,thick,עבת
502,1447,pliers,צבת
503,1450,Sabbath,שבת
504,1465,Naga,נגא
505,1474,incidentally,אגב
506,1481,grasshopper,חגב
507,1484,back,כגב
508,1486,mop,מגב
509,1487,wipe,נגב
510,1489,organ,עגב
511,1490,flawed,פגב
512,1494,exaltation,שגב
513,1495,respond,תגב
514,1502,glazier,זגג
515,1503,celebrated,חגג
516,1510,seg,סגג
517,1511,Agag,עגג
518,1517,roof,תגג
519,1518,bundle,אגד
520,1519,garment,בגד
521,1525,celebrated,חגד
522,1531,against,נגד
523,1543,fish,דגה
524,1545,Vega,וגה
525,1547,celebrated,חגה
526,1553,Naga,נגה
527,1554,saga,סגה
528,1555,slang,עגה
529,1557,monitor,צגה
530,1560,mistake,שגה
531,1561,tag,תגה
532,1562,ego,אגו
533,1564,roof,גגו
534,1565,fished,דגו
535,1569,celebrate,חגו
536,1572,as,כגו
537,1579,display,צגו
538,1581,ragout,רגו
539,1582,wrong,שגו
540,1583,tag,תגו
541,1590,zigzag,זגז
542,1600,shell,פגז
543,1603,annoyance,רגז
544,1604,gas,שגז
545,1609,fished,דגח
546,1613,celebrated,חגח
547,1617,sneer,לגח
548,1619,hit,נגח
549,1623,watch,צגח
550,1627,poke,תגח
551,1629,baguette,בגט
552,1635,belted,חגט
553,1650,Aggie,אגי
554,1653,fish,דגי
555,1660,as,כגי
556,1662,Maggie,מגי
557,1666,Peggy,פגי
558,1669,Reggie,רגי
559,1684,magnet,מגך
560,1694,droplet,אגל
561,1697,flag,דגל
562,1701,belt,חגל
563,1706,sickle,מגל
564,1708,staff,סגל
565,1709,calf,עגל
566,1714,concubine,שגל
567,1715,discover,תגל
568,1718,defect,גגם
569,1719,model,דגם
570,1720,although,הגם
571,1724,also,טגם
572,1732,defect,פגם
573,1733,model,צגם
574,1737,tag,תגם
575,1738,basin,אגן
576,1740,roofer,גגן
577,1741,grain,דגן
578,1751,player,נגן
579,1754,pagan,פגן
580,1759,protect,תגן
581,1760,pear,אגס
582,1761,roughly,בגס
583,1774,slag,סגס
584,1780,rude,שגס
585,1782,touch,אגע
586,1783,touched,בגע
587,1784,touch,גגע
588,1785,moment,דגע
589,1788,crazy,זגע
590,1790,touched,טגע
591,1791,tired,יגע
592,1792,now,כגע
593,1793,touch,לגע
594,1794,contact,מגע
595,1795,lesion,נגע
596,1796,frenzy,סגע
597,1797,touched,עגע
598,1798,affliction,פגע
599,1800,hit,קגע
600,1801,moment,רגע
601,1802,madness,שגע
602,1803,touch,תגע
603,1804,wing,אגף
604,1807,fished,דגף
605,1810,squat,זגף
606,1816,boot,מגף
607,1819,wing,עגף
608,1821,watch,צגף
609,1825,hit,תגף
610,1828,roofer,גגץ
611,1833,Christmas,חגץ
612,1841,sneer,עגץ
613,1843,peephole,צגץ
614,1850,giggle,גגק
615,1855,circled,חגק
616,1864,cap,פגק
617,1865,watched,צגק
618,1868,check,שגק
619,1871,mature,בגר
620,1882,itchy,מגר
621,1886,carcass,פגר
622,1890,routine,שגר
623,1891,trader,תגר
624,1895,emphasis,דגש
625,1896,submit,הגש
626,1899,celebrated,חגש
627,1900,collision,טגש
628,1903,larch,לגש
629,1904,tray,מגש
630,1905,access,נגש
631,1908,met,פגש
632,1911,emotion,רגש
633,1913,serve,תגש
634,1914,agate,אגת
635,1936,Ada,אדא
636,1939,Dada,דדא
637,1951,Ada,עדא
638,1952,Padda,פדא
639,1958,courtesy,אדב
640,1965,sharp,חדב
641,1975,lobster,צדב
642,1977,stalk,רדב
643,2001,fish,תדג
644,2003,alone,בדד
645,2011,friend,ידד
646,2014,measure,מדד
647,2015,insomnia,נדד
648,2017,Adad,עדד
649,2019,side,צדד
650,2031,sharp,חדה
651,2032,Teda,טדה
652,2036,footage,מדה
653,2042,bow,קדה
654,2044,field,שדה
655,2046,Edo,אדו
656,2061,witness,עדו
657,2075,sharp,חדז
658,2091,playful,בדח
659,2092,thirsty,גדח
660,2097,sharp,חדח
661,2098,milled,טדח
662,2101,reject,לדח
663,2108,bore,קדח
664,2111,reject,תדח
665,2119,sharp,חדט
666,2130,cadet,קדט
667,2133,meditate,תדט
668,2134,Eddie,אדי
669,2135,enough,בדי
670,2141,sharp,חדי
671,2142,Teddy,טדי
672,2145,enough,לדי
673,2146,every,מדי
674,2148,Sadie,סדי
675,2149,jewel,עדי
676,2150,Paddy,פדי
677,2151,side,צדי
678,2153,reddy,רדי
679,2155,Teddy,תדי
680,2156,step,אדך
681,2162,yours,זדך
682,2163,sharp,חדך
683,2177,step,תדך
684,2179,stub,בדל
685,2188,little,כדל
686,2191,real,נדל
687,2194,pedal,פדל
688,2195,sided,צדל
689,2202,stump,גדם
690,2203,dead,דדם
691,2207,sharp,חדם
692,2214,Sedum,סדם
693,2215,Adam,עדם
694,2220,blood,שדם
695,2221,blood,תדם
696,2222,sill,אדן
697,2229,keen,חדן
698,2235,sheath,נדן
699,2236,anvil,סדן
700,2237,Eden,עדן
701,2239,side,צדן
702,2259,lentil,עדס
703,2273,clever,חדע
704,2274,know,טדע
705,2275,knowledge,ידע
706,2278,science,מדע
707,2280,sade,סדע
708,2281,Ada,עדע
709,2290,blasphemy,גדף
710,2292,blast,הדף
711,2295,shrew,חדף
712,2300,shelf,מדף
713,2301,evaporate,נדף
714,2303,prefer,עדף
715,2305,shell,צדף
716,2309,page,תדף
717,2320,like,כדץ
718,2332,dropper,אדק
719,2333,checked,בדק
720,2335,checked,דדק
721,2336,trigger,הדק
722,2339,proboscis,חדק
723,2344,clamp,מדק
724,2346,crack,סדק
725,2349,Jupiter,צדק
726,2351,Radek,רדק
727,2353,tighten,תדק
728,2354,Adar,אדר
729,2356,fence,גדר
730,2362,bother,טדר
731,2367,vow,נדר
732,2368,order,סדר
733,2369,herd,עדר
734,2372,potter,קדר
735,2373,radar,רדר
736,2374,message,שדר
737,2375,frequency,תדר
738,2378,crowded,גדש
739,2384,dirty,טדש
740,2394,holy,קדש
741,2397,flip,תדש
742,2405,sharp,חדת
743,2406,Ted,טדת
744,2412,braces,סדת
745,2413,denomination,עדת
746,2432,what,מהא
747,2441,be,תהא
748,2448,gold,זהב
749,2453,blade,להב
750,2459,yellow,צהב
751,2461,arrogance,רהב
752,2475,dialect,להג
753,2484,that,שהג
754,2485,tag,תהג
755,2486,sympathizer,אהד
756,2493,sharp,חהד
757,2494,thud,טהד
758,2497,echo,להד
759,2507,resonance,תהד
760,2511,faded,דהה
761,2514,same,זהה
762,2516,confused,טהה
763,2518,dark,כהה
764,2519,Leah,להה
765,2521,enjoy,נהה
766,2524,here,פהה
767,2526,blunt,קהה
768,2528,stayed,שהה
769,2540,so,כהו
770,2545,aho,עהו
771,2546,here,פהו
772,2548,khu,קהו
773,2550,stay,שהו
774,2551,wonder,תהו
775,2554,gas,גהז
776,2558,same,זהז
777,2567,goat,עהז
778,2573,dance,תהז
779,2582,grind,טהח
780,2584,as,כהח
781,2596,Aht,אהט
782,2597,alabaster,בהט
783,2603,needle,חהט
784,2605,yacht,יהט
785,2607,glow,להט
786,2611,ink,עהט
787,2615,trough,רהט
788,2618,oh,אהי
789,2620,ghee,גהי
790,2628,dark,כהי
791,2633,oh,עהי
792,2639,be,תהי
793,2640,oh,אהך
794,2642,squint,גהך
795,2649,will,יהך
796,2655,yelp,עהך
797,2657,chuckle,צהך
798,2658,numb,קהך
799,2659,soft,רהך
800,2661,melted,תהך
801,2662,tent,אהל
802,2664,wave,גהל
803,2669,Hal,חהל
804,2674,thinner,מהל
805,2675,manager,נהל
806,2680,crowd,קהל
807,2681,Rachel,רהל
808,2688,those,ההם
809,2691,hot,חהם
810,2693,they,יהם
811,2697,roar,נהם
812,2698,Sam,סהם
813,2699,ahem,עהם
814,2705,wonder,תהם
815,2710,those,ההן
816,2716,Cohen,כהן
817,2717,them,להן
818,2722,here,פהן
819,2738,as,כהס
820,2753,see,דהע
821,2754,The,ההע
822,2758,The,טהע
823,2760,as,כהע
824,2763,move,נהע
825,2765,aha,עהע
826,2767,walk,צהע
827,2771,wonder,תהע
828,2778,gold,זהף
829,2793,beat,תהף
830,2796,presser,גהץ
831,2801,push,חהץ
832,2823,law,חהק
833,2825,yawn,יהק
834,2827,formation,להק
835,2832,yawn,פהק
836,2846,pure,טהר
837,2847,rush,יהר
838,2851,river,נהר
839,2855,noon,צהר
840,2857,mused,רהר
841,2863,dashed,דהש
842,2864,The,ההש
843,2866,that,זהש
844,2881,wonder,תהש
845,2882,you,אהת
846,2884,Goth,גהת
847,2885,religion,דהת
848,2886,the,ההת
849,2888,same,זהת
850,2891,be,יהת
851,2892,dark,כהת
852,2893,die,להת
853,2895,enjoy,נהת
854,2897,time,עהת
855,2898,here,פהת
856,2900,numb,קהת
857,2902,that,שהת
858,2904,oh,אוא
859,2906,soar,גוא
860,2908,he,הוא
861,2912,toa,טוא
862,2915,Lou,לוא
863,2917,Noah,נוא
864,2918,Sue,סוא
865,2921,excrement,צוא
866,2922,Kua,קוא
867,2924,vain,שוא
868,2927,Bob,בוב
869,2928,den,גוב
870,2929,bear,דוב
871,2932,discharge,זוב
872,2933,debt,חוב
873,2936,thorn,כוב
874,2940,sub,סוב
875,2941,thick,עוב
876,2945,majority,רוב
877,2946,again,שוב
878,2948,Og,אוג
879,2951,fishing,דוג
880,2955,circle,חוג
881,2961,nog,נוג
882,2963,cake,עוג
883,2970,ember,אוד
884,2974,glory,הוד
885,2977,point,חוד
886,2978,Todd,טוד
887,2979,iodine,יוד
888,2982,Mod,מוד
889,2983,nomadic,נוד
890,2984,secret,סוד
891,2987,hunting,צוד
892,2988,code,קוד
893,2989,Rod,רוד
894,2990,robbery,שוד
895,2993,boo,בוה
896,2994,corpse,גוה
897,2996,passion,הוה
898,2999,farm,חוה
899,3000,straight,טוה
900,3002,loophole,כוה
901,3005,Noah,נוה
902,3009,order,צוה
903,3012,par,שוה
904,3021,experienced,חוו
905,3025,Lew,לוו
906,3031,order,צוו
907,3035,note,תוו
908,3037,contempt,בוז
909,3042,move,זוז
910,3043,contract,חוז
911,3045,Hughes,יוז
912,3047,hazel,לוז
913,3048,moose,מוז
914,3051,courage,עוז
915,3054,coz,קוז
916,3057,fruit,תוז
917,3065,thistle,חוח
918,3066,sure,טוח
919,3067,John,יוח
920,3070,brain,מוח
921,3071,comfortable,נוח
922,3072,shop,סוח
923,3075,shout,צוח
924,3078,swimming,שוח
925,3079,stretch,תוח
926,3081,bot,בוט
927,3083,Dot,דוט
928,3087,wire,חוט
929,3091,veil,לוט
930,3092,rod,מוט
931,3093,navigator,נוט
932,3100,whip,שוט
933,3102,oh,אוי
934,3104,gentile,גוי
935,3109,Hui,חוי
936,3112,burned,כוי
937,3113,Levi,לוי
938,3114,Moi,מוי
939,3115,decoration,נוי
940,3116,Sui,סוי
941,3120,lined,קוי
942,3121,Roy,רוי
943,3125,book,בוך
944,3130,winner,זוך
945,3131,hoop,חוך
946,3134,niche,כוך
947,3136,lint,מוך
948,3140,antimony,פוך
949,3142,Koch,קוך
950,3143,tenderness,רוך
951,3145,within,תוך
952,3147,stamp,בול
953,3152,cheap,זול
954,3154,tulle,טול
955,3159,loom,נול
956,3160,G,סול
957,3161,burden,עול
958,3165,roll,רול
959,3167,Thule,תול
960,3169,boom,בום
961,3170,Gum,גום
962,3171,dom,דום
963,3176,Tom,טום
964,3179,Lum,לום
965,3180,defect,מום
966,3181,sleep,נום
967,3185,fast,צום
968,3187,rum,רום
969,3188,garlic,שום
970,3189,Tom,תום
971,3190,potency,און
972,3191,Boone,בון
973,3192,color,גון
974,3193,don,דון
975,3194,fortune,הון
976,3195,won,וון
977,3196,son,זון
978,3197,shop,חון
979,3198,tone,טון
980,3199,ion,יון
981,3200,Hon,כון
982,3204,Son,סון
983,3206,phone,פון
984,3209,Ron,רון
985,3210,Shawn,שון
986,3211,tone,תון
987,3212,Aus,אוס
988,3213,boss,בוס
989,3214,Gus,גוס
990,3217,Wes,ווס
991,3219,Jose,חוס
992,3220,fly,טוס
993,3222,glass,כוס
994,3224,mousse,מוס
995,3226,horse,סוס
996,3231,Ross,רוס
997,3233,Thos,תוס
998,3234,oh,אוע
999,3237,known,דוע
1000,3239,and,ווע
1001,3240,sweat,זוע
1002,3242,wrong,טוע
1003,3243,yo,יוע
1004,3244,crouched,כוע
1005,3245,mouth,לוע
1006,3247,moving,נוע
1007,3248,Sue,סוע
1008,3249,bean,עוע
1009,3253,evil,רוע
1010,3255,astray,תוע
1011,3258,body,גוף
1012,3270,end,סוף
1013,3271,chicken,עוף
1014,3272,poof,פוף
1015,3273,nectar,צוף
1016,3274,monkey,קוף
1017,3277,drum,תוף
1018,3279,mud,בוץ
1019,3280,short,גוץ
1020,3285,outside,חוץ
1021,3290,chaff,מוץ
1022,3296,thorn,קוץ
1023,3297,run,רוץ
1024,3300,Ok,אוק
1025,3301,beech,בוק
1026,3311,Luke,לוק
1027,3312,gaiter,מוק
1028,3314,market,סוק
1029,3315,Ok,עוק
1030,3317,cliff,צוק
1031,3318,cook,קוק
1032,3319,rock,רוק
1033,3321,stick,תוק
1034,3322,light,אור
1035,3323,pit,בור
1036,3324,cub,גור
1037,3325,generation,דור
1038,3330,column,טור
1039,3331,Jur,יור
1040,3332,reactor,כור
1041,3335,flare,נור
1042,3337,skin,עור
1043,3339,flint,צור
1044,3340,cold,קור
1045,3342,bull,שור
1046,3343,turn,תור
1047,3346,block,גוש
1048,3351,sense,חוש
1049,3352,marker,טוש
1050,3354,spindle,כוש
1051,3359,does,עוש
1052,3363,hemlock,רוש
1053,3364,licorice,שוש
1054,3368,Goth,גות
1055,3369,pit,דות
1056,3371,and,וות
1057,3376,beat,כות
1058,3377,Lot,לות
1059,3378,death,מות
1060,3381,time,עות
1061,3382,vulva,פות
1062,3383,crew,צות
1063,3385,Ruth,רות
1064,3387,strawberry,תות
1065,3391,Daza,דזא
1066,3395,forecaster,חזא
1067,3420,falsehood,כזב
1068,3425,left,עזב
1069,3428,false,קזב
1070,3429,gutter,רזב
1071,3444,temper,מזג
1072,3453,pour,תזג
1073,3466,suddenly,מזד
1074,3467,revenge,נזד
1075,3470,lost,פזד
1076,3477,plunder,בזה
1077,3478,gauze,גזה
1078,3480,this,הזה
1079,3482,moving,זזה
1080,3483,chest,חזה
1081,3495,thin,רזה
1082,3497,thesis,תזה
1083,3504,move,זזו
1084,3505,predict,חזו
1085,3519,splash,תזו
1086,3522,shearer,גזז
1087,3523,dazzle,דזז
1088,3524,move,הזז
1089,3526,moving,זזז
1090,3527,lichen,חזז
1091,3528,frenzy,טזז
1092,3532,moving,מזז
1093,3536,crazy,פזז
1094,3537,buzz,צזז
1095,3538,offset,קזז
1096,3541,move,תזז
1097,3554,quay,מזח
1098,3559,boom,צזח
1099,3566,gazette,גזט
1100,3577,oiled,נזט
1101,3583,reset,רזט
1102,3586,then,אזי
1103,3588,gaseous,גזי
1104,3590,delirious,הזי
1105,3592,move,זזי
1106,3593,chest,חזי
1107,3601,goat,עזי
1108,3604,Casey,קזי
1109,3608,then,אזך
1110,3621,won,נזך
1111,3627,lean,רזך
1112,3629,win,תזך
1113,3632,robbery,גזל
1114,3637,lucky,חזל
1115,3640,unlucky,כזל
1116,3642,luck,מזל
1117,3643,ooze,נזל
1118,3646,puzzle,פזל
1119,3654,cutting,גזם
1120,3659,firm,חזם
1121,3661,entrepreneur,יזם
1122,3674,ear,אזן
1123,3680,Zen,זזן
1124,3681,cantor,חזן
1125,3683,Zen,יזן
1126,3695,feed,תזן
1127,3697,hawk,בזס
1128,3698,gas,גזס
1129,3702,move,זזס
1130,3704,Tess,טזס
1131,3721,race,דזע
1132,3724,sweat,זזע
1133,3725,race,חזע
1134,3726,sweat,טזע
1135,3727,sweat,יזע
1136,3729,sweat,לזע
1137,3730,sweat,מזע
1138,3731,sweating,נזע
1139,3732,rage,סזע
1140,3735,race,צזע
1141,3736,race,קזע
1142,3737,race,רזע
1143,3738,sweat,שזע
1144,3739,sweat,תזע
1145,3747,brazen,חזף
1146,3748,tanned,טזף
1147,3750,silver,כזף
1148,3757,seesaw,צזף
1149,3760,sunburn,שזף
1150,3764,cut,גזץ
1151,3772,sundown,כזץ
1152,3774,playfully,מזץ
1153,3778,exploded,פזץ
1154,3779,peep,צזץ
1155,3785,flash,בזק
1156,3791,strong,חזק
1157,3794,strong,כזק
1158,3797,damage,נזק
1159,3799,strong,עזק
1160,3803,thin,רזק
1161,3818,stranger,מזר
1162,3819,tiara,נזר
1163,3820,Caesar,סזר
1164,3822,scattered,פזר
1165,3823,Caesar,צזר
1166,3824,Caesar,קזר
1167,3827,flow,תזר
1168,3831,J,דזש
1169,3835,tan,חזש
1170,3838,tan,כזש
1171,3843,tan,עזש
1172,3848,tan,שזש
1173,3849,tan,תזש
1174,3857,chest,חזת
1175,3862,from,מזת
1176,3869,thin,רזת
1177,3871,thesis,תזת
1178,3889,thirsty,צחא
1179,3893,pray,תחא
1180,3896,straw,גחב
1181,3897,push,דחב
1182,3900,scurvy,זחב
1183,3902,mildew,טחב
1184,3903,like,יחב
1185,3906,love,מחב
1186,3907,nice,נחב
1187,3908,carry,סחב
1188,3910,chaff,פחב
1189,3911,straw,צחב
1190,3912,chaff,קחב
1191,3915,tuck,תחב
1192,3916,party,אחג
1193,3923,celebrated,חחג
1194,3928,holiday,מחג
1195,3929,celebrated,נחג
1196,3932,sneeze,פחג
1197,3937,celebrate,תחג
1198,3938,one,אחד
1199,3939,together,בחד
1200,3941,pressure,דחד
1201,3945,sharp,חחד
1202,3946,grind,טחד
1203,3947,together,יחד
1204,3949,per,לחד
1205,3952,bribery,סחד
1206,3953,one,עחד
1207,3954,fear,פחד
1208,3956,took,קחד
1209,3958,extortion,שחד
1210,3959,together,תחד
1211,3960,sister,אחה
1212,3961,fled,בחה
1213,3970,force,כחה
1214,3971,damp,לחה
1215,3973,resting,נחה
1216,3978,took,קחה
1217,3979,smelled,רחה
1218,3982,meadow,אחו
1219,3985,reject,דחו
1220,3986,The,החו
1221,3990,wet,טחו
1222,3993,wet,לחו
1223,3997,meadow,עחו
1224,3999,dawn,צחו
1225,4000,take,קחו
1226,4002,swim,שחו
1227,4003,pray,תחו
1228,4004,grip,אחז
1229,4010,move,זחז
1230,4014,as,כחז
1231,4015,press,לחז
1232,4018,sharpen,סחז
1233,4025,predict,תחז
1234,4032,smug,זחח
1235,4034,mush,טחח
1236,4039,snort,נחח
1237,4042,tinsmith,פחח
1238,4043,dry,צחח
1239,4044,take,קחח
1240,4045,sniff,רחח
1241,4046,chatty,שחח
1242,4048,one,אחט
1243,4050,ghat,גחט
1244,4059,click,לחט
1245,4060,needle,מחט
1246,4062,blackmail,סחט
1247,4065,Chet,צחט
1248,4071,bye,בחי
1249,4073,reject,דחי
1250,4080,alive,כחי
1251,4081,cheek,לחי
1252,4082,stroke,מחי
1253,4083,rest,נחי
1254,4084,filth,סחי
1255,4086,trash,פחי
1256,4088,take,קחי
1257,4090,armpit,שחי
1258,4091,live,תחי
1259,4099,laugh,חחך
1260,4100,tach,טחך
1261,4103,plantain,לחך
1262,4108,tin,פחך
1263,4110,laugh,קחך
1264,4113,crotch,תחך
1265,4116,coal,גחל
1266,4118,applied,החל
1267,4120,larva,זחל
1268,4122,slime,טחל
1269,4124,antimony,כחל
1270,4127,stream,נחל
1271,4133,Rachel,רחל
1272,4135,primer,תחל
1273,4139,coal,דחם
1274,4144,taste,טחם
1275,4145,heat,יחם
1276,4146,power,כחם
1277,4147,bread,לחם
1278,4148,warm,מחם
1279,4152,coal,פחם
1280,4156,granite,שחם
1281,4158,one,אחן
1282,4159,test,בחן
1283,4160,grace,גחן
1284,4161,millet,דחן
1285,4165,grace,חחן
1286,4166,milled,טחן
1287,4168,grace,כחן
1288,4169,melody,לחן
1289,4170,from,מחן
1290,4179,please,תחן
1291,4183,compress,דחס
1292,4186,Zach,זחס
1293,4189,ratio,יחס
1294,4191,click,לחס
1295,4192,warehouse,מחס
1296,4202,one,אחע
1297,4204,sigh,גחע
1298,4206,the,החע
1299,4208,soot,זחע
1300,4210,grind,טחע
1301,4212,as,כחע
1302,4213,lick,לחע
1303,4214,from,מחע
1304,4216,drift,סחע
1305,4218,tin,פחע
1306,4221,rasa,רחע
1307,4227,urge,דחף
1308,4231,brat,חחף
1309,4232,impulse,טחף
1310,4233,barefoot,יחף
1311,4234,forced,כחף
1312,4236,wipe,מחף
1313,4238,erosion,סחף
1314,4241,driftwood,צחף
1315,4245,undersea,תחף
1316,4246,squeeze,אחץ
1317,4248,squat,גחץ
1318,4252,crushed,זחץ
1319,4254,grind,טחץ
1320,4257,pressure,לחץ
1321,4258,crush,מחץ
1322,4259,necessary,נחץ
1323,4260,squeeze,סחץ
1324,4261,pressure,עחץ
1325,4262,snort,פחץ
1326,4263,brushed,צחץ
1327,4266,arrogance,שחץ
1328,4267,arrow,תחץ
1329,4276,grind,טחק
1330,4284,snort,פחק
1331,4287,away,רחק
1332,4288,play,שחק
1333,4289,tickle,תחק
1334,4291,choose,בחר
1335,4299,tomorrow,יחר
1336,4302,tomorrow,מחר
1337,4303,snort,נחר
1338,4305,another,עחר
1339,4306,pride,פחר
1340,4307,dawn,צחר
1341,4309,snort,רחר
1342,4310,Dawn,שחר
1343,4311,compete,תחר
1344,4315,pressure,דחש
1345,4320,moss,טחש
1346,4323,spell,לחש
1347,4324,felt,מחש
1348,4325,snake,נחש
1349,4327,gecko,עחש
1350,4330,straw,קחש
1351,4331,rustle,רחש
1352,4333,dachshund,תחש
1353,4339,and,וחת
1354,4342,wet,טחת
1355,4345,moisture,לחת
1356,4347,landed,נחת
1357,4349,once,עחת
1358,4350,depreciation,פחת
1359,4352,take,קחת
1360,4354,hay,שחת
1361,4355,under,תחת
1362,4356,atta,אטא
1363,4357,Beta,בטא
1364,4363,sin,חטא
1365,4371,Ata,עטא
1366,4378,fastener,אטב
1367,4386,good,טטב
1368,4387,good,יטב
1369,4388,good,כטב
1370,4389,Latvian,לטב
1371,4392,Steve,סטב
1372,4393,wrap,עטב
1373,4396,plaque,קטב
1374,4397,sauce,רטב
1375,4400,tag,אטג
1376,4415,wreath,עטג
1377,4421,tag,תטג
1378,4422,bramble,אטד
1379,4426,Ted,הטד
1380,4429,sharp,חטד
1381,4437,pen,עטד
1382,4441,vibrate,רטד
1383,4442,Ted,שטד
1384,4443,Ted,תטד
1385,4445,beta,בטה
1386,4451,wheat,חטה
1387,4459,pen,עטה
1388,4464,fool,שטה
1389,4465,tilt,תטה
1390,4468,ghetto,גטו
1391,4471,veto,וטו
1392,4473,sting,חטו
1393,4474,tattoo,טטו
1394,4479,net,נטו
1395,4480,Stu,סטו
1396,4509,splash,תטז
1397,4516,grass,זטח
1398,4521,mortar,לטח
1399,4522,salvo,מטח
1400,4528,cut,קטח
1401,4531,slap,תטח
1402,4534,ghetto,גטט
1403,4539,pimple,חטט
1404,4543,Lett,לטט
1405,4544,Matt,מטט
1406,4547,pen,עטט
1407,4549,quote,צטט
1408,4551,vibration,רטט
1409,4552,state,שטט
1410,4554,slow,אטי
1411,4555,Betty,בטי
1412,4564,Katie,כטי
1413,4565,Letty,לטי
1414,4570,patty,פטי
1415,4572,Catty,קטי
1416,4576,attach,אטך
1417,4588,match,מטך
1418,4597,hit,תטך
1419,4599,void,בטל
1420,4605,fallow,חטל
1421,4611,burden,נטל
1422,4613,calf,עטל
1423,4614,raspberry,פטל
1424,4616,slaughter,קטל
1425,4620,seal,אטם
1426,4636,broiler,פטם
1427,4638,chopped,קטם
1428,4639,Ram,רטם
1429,4642,Aten,אטן
1430,4652,cut,כטן
1431,4656,Stan,סטן
1432,4658,paten,פטן
1433,4661,grunt,רטן
1434,4668,flew,הטס
1435,4674,flying,כטס
1436,4676,Mats,מטס
1437,4679,pen,עטס
1438,4684,flying,שטס
1439,4694,mistaken,טטע
1440,4698,plantation,מטע
1441,4703,sorry,צטע
1442,4704,segment,קטע
1443,4705,rattled,רטע
1444,4709,gently,בטף
1445,4710,plucked,גטף
1446,4711,daft,דטף
1447,4719,caress,לטף
1448,4721,myrrh,נטף
1449,4723,wrap,עטף
1450,4728,flux,שטף
1451,4729,splashed,תטף
1452,4750,ran,שטץ
1453,4773,Tech,תטק
1454,4782,Tatar,טטר
1455,4786,meter,מטר
1456,4790,Petr,פטר
1457,4792,locomotive,קטר
1458,4794,bill,שטר
1459,4798,gotch,גטש
1460,4805,itch,יטש
1461,4807,polisher,לטש
1462,4809,abandoned,נטש
1463,4811,sneeze,עטש
1464,4812,patch,פטש
1465,4814,catch,קטש
1466,4816,blurred,שטש
1467,4822,tilt,הטת
1468,4825,chaff,חטת
1469,4830,staff,מטת
1470,4833,pen,עטת
1471,4834,patty,פטת
1472,4836,Kate,קטת
1473,4837,shook,רטת
1474,4842,ravine,גיא
1475,4847,alive,חיא
1476,4851,Lea,ליא
1477,4854,Sia,סיא
1478,4856,Pia,פיא
1479,4858,puke,קיא
1480,4860,record,שיא
1481,4861,Thea,תיא
1482,4862,Eve,איב
1483,4863,sewer,ביב
1484,4864,Gib,גיב
1485,4869,affectionate,חיב
1486,4870,quality,טיב
1487,4872,ulcer,כיב
1488,4873,Liv,ליב
1489,4875,dialect,ניב
1490,4876,fiber,סיב
1491,4877,tired,עיב
1492,4878,Phoebe,פיב
1493,4879,fiber,ציב
1494,4881,fight,ריב
1495,4886,gig,גיג
1496,4887,fishing,דיג
1497,4894,as,כיג
1498,4898,dross,סיג
1499,4899,anchor,עיג
1500,4904,get,שיג
1501,4905,tag,תיג
1502,4906,misfortune,איד
1503,4908,tendon,גיד
1504,4914,Ted,טיד
1505,4916,hand,כיד
1506,4918,immediately,מיד
1507,4920,lime,סיד
1508,4923,hunting,ציד
1509,4925,Reid,ריד
1510,4931,enough,דיה
1511,4932,was,היה
1512,4939,Leah,ליה
1513,4942,Sia,סיה
1514,4944,fairy,פיה
1515,4949,tea,תיה
1516,4953,ink,דיו
1517,4956,splendor,זיו
1518,4957,lived,חיו
1519,4960,as,כיו
1520,4964,Sioux,סיו
1521,4969,Rio,ריו
1522,4971,Theo,תיו
1523,4973,biz,ביז
1524,4974,Geez,גיז
1525,4978,ledge,זיז
1526,4979,chest,חיז
1527,4982,because,כיז
1528,4983,Liz,ליז
1529,4986,Sis,סיז
1530,4989,cheesy,ציז
1531,4993,thesis,תיז
1532,4994,brother,איח
1533,4998,the,היח
1534,5000,indent,זיח
1535,5002,plaster,טיח
1536,5004,phlegm,כיח
1537,5005,phlegm,ליח
1538,5007,stationary,ניח
1539,5008,foal,סיח
1540,5010,soot,פיח
1541,5012,took,קיח
1542,5013,smell,ריח
1543,5014,discourse,שיח
1544,5015,stick,תיח
1545,5016,slow,איט
1546,5023,tailor,חיט
1547,5024,clay,טיט
1548,5026,kit,כיט
1549,5030,span,סיט
1550,5031,eagle,עיט
1551,5032,Pete,פיט
1552,5033,quote,ציט
1553,5034,kit,קיט
1554,5036,sailing,שיט
1555,5040,gay,גיי
1556,5041,enough,דיי
1557,5048,because,כיי
1558,5049,Leigh,ליי
1559,5050,May,מיי
1560,5053,tired,עיי
1561,5056,Kay,קיי
1562,5057,Ray,ריי
1563,5060,how,איך
1564,5062,quick,גיך
1565,5063,you,דיך
1566,5067,palate,חיך
1567,5072,Mitch,מיך
1568,5074,pin,סיך
1569,5078,kitchen,קיך
1570,5079,Rich,ריך
1571,5081,you,תיך
1572,5083,Bill,ביל
1573,5084,age,גיל
1574,5085,deal,דיל
1575,5087,Will,ויל
1576,5089,force,חיל
1577,5090,missile,טיל
1578,5091,Yale,ייל
1579,5093,night,ליל
1580,5094,mile,מיל
1581,5095,Neil,ניל
1582,5099,target,ציל
1583,5101,Real,ריל
1584,5103,wire,תיל
1585,5110,gill,זים
1586,5112,Tim,טים
1587,5116,water,מים
1588,5119,um,עים
1589,5120,Pim,פים
1590,5122,Kim,קים
1591,5123,rim,רים
1592,5124,put,שים
1593,5125,Tim,תים
1594,5126,nothing,אין
1595,5127,between,בין
1596,5128,gin,גין
1597,5129,law,דין
1598,5132,dick,זין
1599,5134,clay,טין
1600,5135,wine,יין
1601,5136,ready,כין
1602,5137,Lynn,לין
1603,5138,sex,מין
1604,5141,eye,עין
1605,5142,penis,פין
1606,5144,Cain,קין
1607,5147,fig,תין
1608,5156,aviation,טיס
1609,5158,pocket,כיס
1610,5161,nice,ניס
1611,5162,groom,סיס
1612,5163,pulp,עיס
1613,5164,lottery,פיס
1614,5166,kiss,קיס
1615,5167,eyelash,ריס
1616,5171,expressed,ביע
1617,5174,hey,היע
1618,5176,sweat,זיע
1619,5177,live,חיע
1620,5178,stick,טיע
1621,5180,smothered,כיע
1622,5182,mouthed,מיע
1623,5184,faction,סיע
1624,5186,fie,פיע
1625,5198,bristle,זיף
1626,5201,nice,ייף
1627,5202,fun,כיף
1628,5205,waved,ניף
1629,5206,sword,סיף
1630,5211,riff,ריף
1631,5213,nice,תיף
1632,5216,miller,גיץ
1633,5217,diet,דיץ
1634,5221,barrier,חיץ
1635,5224,summer,כיץ
1636,5225,heald,ליץ
1637,5226,juice,מיץ
1638,5229,egg,עיץ
1639,5231,peep,ציץ
1640,5232,summer,קיץ
1641,5235,squirt,תיץ
1642,5239,Dick,דיק
1643,5241,Vic,ויק
1644,5242,spark,זיק
1645,5243,lap,חיק
1646,5244,teak,טיק
1647,5248,Mick,מיק
1648,5249,Nick,ניק
1649,5255,blank,ריק
1650,5261,pen,דיר
1651,5265,freedom,חיר
1652,5267,shoot,ייר
1653,5268,sink,כיר
1654,5269,Lear,ליר
1655,5272,pot,סיר
1656,5274,shaft,פיר
1657,5275,axis,ציר
1658,5276,wall,קיר
1659,5277,mucus,ריר
1660,5279,shoot,תיר
1661,5280,man,איש
1662,5281,bad,ביש
1663,5287,quickly,חיש
1664,5294,sish,סיש
1665,5296,fish,פיש
1666,5301,goat,תיש
1667,5305,religion,דית
1668,5306,was,הית
1669,5308,olive,זית
1670,5312,class,כית
1671,5314,dead,מית
1672,5317,time,עית
1673,5319,fire,צית
1674,5320,Keith,קית
1675,5323,give,תית
1676,5324,aka,אכא
1677,5327,depressed,דכא
1678,5333,Yaka,יכא
1679,5338,Saka,סכא
1680,5339,aka,עכא
1681,5348,star,גכב
1682,5354,type,טכב
1683,5360,layered,סכב
1684,5361,delay,עכב
1685,5364,star,קכב
1686,5365,vehicle,רכב
1687,5372,the,הכג
1688,5377,as,יכג
1689,5378,as,ככג
1690,5381,as,נכג
1691,5385,watch,צכג
1692,5388,that,שכג
1693,5390,Akkad,אכד
1694,5393,depressed,דכד
1695,5399,how,יכד
1696,5403,grandson,נכד
1697,5404,synagogue,סכד
1698,5410,that,שכד
1699,5411,forever,תכד
1700,5412,hit,אכה
1701,5413,cried,בכה
1702,5416,hit,הכה
1703,5418,won,זכה
1704,5423,lacquer,לכה
1705,5424,blow,מכה
1706,5425,handicapped,נכה
1707,5426,brush,סכה
1708,5427,now,עכה
1709,5429,wait,צכה
1710,5431,soft,רכה
1711,5433,hit,תכה
1712,5435,cried,בכו
1713,5438,hit,הכו
1714,5440,won,זכו
1715,5441,wait,חכו
1716,5443,hit,יכו
1717,5445,go,לכו
1718,5446,hit,מכו
1719,5447,disabled,נכו
1720,5451,wait,צכו
1721,5453,soft,רכו
1722,5455,you,תכו
1723,5458,thirty,גכז
1724,5460,the,הכז
1725,5463,wait,חכז
1726,5464,sixteen,טכז
1727,5468,from,מכז
1728,5478,yes,אכח
1729,5479,forcibly,בכח
1730,5481,suppressed,דכח
1731,5484,forgot,זכח
1732,5487,yes,יכח
1733,5488,force,ככח
1734,5489,power,לכח
1735,5490,attest,מכח
1736,5491,present,נכח
1737,5492,forget,סכח
1738,5493,right,עכח
1739,5494,sober,פכח
1740,5498,forgot,שכח
1741,5499,deny,תכח
1742,5503,plywood,דכט
1743,5510,as,ככט
1744,5515,genuine,עכט
1745,5521,plank,תכט
1746,5523,crying,בכי
1747,5528,win,זכי
1748,5529,wait,חכי
1749,5533,go,לכי
1750,5534,Mecca,מכי
1751,5535,disabled,נכי
1752,5536,agree,סכי
1753,5538,mouth,פכי
1754,5539,wait,צכי
1755,5546,you,גכך
1756,5547,thus,דכך
1757,5551,scab,חכך
1758,5553,so,יכך
1759,5558,thatch,סכך
1760,5559,yours,עכך
1761,5560,so,פכך
1762,5561,yours,צכך
1763,5562,thatch,קכך
1764,5563,soft,רכך
1765,5566,food,אכל
1766,5572,clever,זכל
1767,5573,wise,חכל
1768,5575,could,יכל
1769,5578,tank,מכל
1770,5580,foolish,סכל
1771,5581,digested,עכל
1772,5585,gossip,רכל
1773,5587,eat,תכל
1774,5590,your,גכם
1775,5591,yours,דכם
1776,5594,smart,זכם
1777,5595,smart,חכם
1778,5596,your,טכם
1779,5600,radar,מכם
1780,5601,you,נכם
1781,5602,agreed,סכם
1782,5603,smart,עכם
1783,5608,shoulder,שכם
1784,5610,indeed,אכן
1785,5611,well,בכן
1786,5614,ready,הכן
1787,5615,also,וכן
1788,5618,did,טכן
1789,5619,where,יכן
1790,5621,so,לכן
1791,5622,then,מכן
1792,5625,Akan,עכן
1793,5627,shrunk,צכן
1794,5631,design,תכן
1795,5635,duke,דכס
1796,5638,check,זכס
1797,5640,ceremony,טכס
1798,5645,asset,נכס
1799,5646,sex,סכס
1800,5647,buttock,עכס
1801,5651,ridge,רכס
1802,5656,now,גכע
1803,5657,now,דכע
1804,5658,the,הכע
1805,5660,won,זכע
1806,5666,after,מכע
1807,5669,aka,עכע
1808,5673,today,רכע
1809,5674,now,שכע
1810,5676,saddle,אכף
1811,5679,dachshund,דכף
1812,5682,immediately,זכף
1813,5683,soon,חכף
1814,5685,soon,יכף
1815,5688,spoon,מכף
1816,5689,applied,נכף
1817,5693,quick,צכף
1818,5696,soon,שכף
1819,5697,soon,תכף
1820,5700,squat,גכץ
1821,5715,click,צכץ
1822,5717,bowed,רכץ
1823,5720,Akka,אכק
1824,5733,hurt,נכק
1825,5734,gap,סכק
1826,5735,ache,עכק
1827,5736,peck,פכק
1828,5737,chuckle,צכק
1829,5739,soft,רכק
1830,5742,farmer,אכר
1831,5746,recognition,הכר
1832,5748,male,זכר
1833,5749,rent,חכר
1834,5752,square,ככר
1835,5754,sale,מכר
1836,5756,dam,סכר
1837,5757,cloudy,עכר
1838,5762,wage,שכר
1839,5768,beat,הכש
1840,5770,saved,זכש
1841,5772,slop,טכש
1842,5773,thatch,יכש
1843,5774,when,ככש
1844,5776,winch,מכש
1845,5777,weed,נכש
1846,5780,gnat,פכש
1847,5781,twitter,צכש
1848,5782,straw,קכש
1849,5783,procurement,רכש
1850,5786,aunt,אכת
1851,5795,sect,יכת
1852,5797,gone,לכת
1853,5799,disabled,נכת
1854,5804,ketch,קכת
1855,5805,soft,רכת
1856,5807,melt,תכת
1857,5809,without,בלא
1858,5811,Della,דלא
1859,5816,Aries,טלא
1860,5817,no,ילא
1861,5818,prison,כלא
1862,5820,full,מלא
1863,5821,full,נלא
1864,5824,wonder,פלא
1865,5828,no,שלא
1866,5830,Alb,אלב
1867,5832,barber,גלב
1868,5837,milk,חלב
1869,5847,cross,צלב
1870,5848,kennel,קלב
1871,5850,stage,שלב
1872,5851,heart,תלב
1873,5855,skip,דלג
1874,5866,slag,סלג
1875,5868,faction,פלג
1876,5869,ice,צלג
1877,5872,snow,שלג
1878,5873,snow,תלג
1879,5876,scab,גלד
1880,5888,salad,סלד
1881,5891,sled,צלד
1882,5894,skeleton,שלד
1883,5896,goddess,אלה
1884,5897,Bella,בלה
1885,5899,poor,דלה
1886,5904,lamb,טלה
1887,5908,word,מלה
1888,5913,shadow,צלה
1889,5914,easy,קלה
1890,5916,its,שלה
1891,5918,these,אלו
1892,5919,excise,בלו
1893,5921,lean,דלו
1894,5922,hello,הלו
1895,5924,cheap,זלו
1896,5926,Aries,טלו
1897,5928,all,כלו
1898,5934,Flo,פלו
1899,5935,cello,צלו
1900,5956,brass,פלז
1901,5962,sepsis,אלח
1902,5963,wet,בלח
1903,5964,shaved,גלח
1904,5968,slipped,זלח
1905,5970,sloppy,טלח
1906,5975,humid,נלח
1907,5976,forgive,סלח
1908,5978,segment,פלח
1909,5979,successful,צלח
1910,5980,cob,קלח
1911,5983,brackish,תלח
1912,5984,alto,אלט
1913,5985,ballet,בלט
1914,5991,decided,חלט
1915,5994,input,כלט
1916,5996,cement,מלט
1917,5998,salad,סלט
1918,6000,output,פלט
1919,6002,input,קלט
1920,6007,without,בלי
1921,6008,jelly,גלי
1922,6009,Aquarius,דלי
1923,6013,ornament,חלי
1924,6016,tool,כלי
1925,6019,Nelly,נלי
1926,6020,Sally,סלי
1927,6021,pestle,עלי
1928,6023,roast,צלי
1929,6024,Kelly,קלי
1930,6031,poor,דלך
1931,6034,yours,זלך
1932,6035,slipped,חלך
1933,6036,talc,טלך
1934,6040,king,מלך
1935,6044,spindle,פלך
1936,6045,slice,צלך
1937,6046,easy,קלך
1938,6048,your,שלך
1939,6049,go,תלך
1940,6050,God,אלל
1941,6054,praise,הלל
1942,6056,glutton,זלל
1943,6057,space,חלל
1944,6060,rule,כלל
1945,6063,Neal,נלל
1946,6064,basket,סלל
1947,6067,dive,צלל
1948,6068,curse,קלל
1949,6070,loot,שלל
1950,6071,mound,תלל
1951,6072,muteness,אלם
1952,6073,brake,בלם
1953,6074,raw,גלם
1954,6076,shock,הלם
1955,6081,silent,ילם
1956,6087,youth,עלם
1957,6088,Flem,פלם
1958,6089,photographer,צלם
1959,6090,Clem,קלם
1960,6092,whole,שלם
1961,6093,rut,תלם
1962,6094,Alan,אלן
1963,6096,Glenn,גלן
1964,6098,Helen,הלן
1965,6109,Alan,עלן
1966,6111,cellist,צלן
1967,6114,theirs,שלן
1968,6126,any,כלס
1969,6127,Les,ללס
1970,6132,leveler,פלס
1971,6134,derision,קלס
1972,6140,discovered,גלע
1973,6141,pumpkin,דלע
1974,6144,left,זלע
1975,6145,sloppy,חלע
1976,6146,Aries,טלע
1977,6148,caught,כלע
1978,6149,swallow,ללע
1979,6151,Neal,נלע
1980,6155,rib,צלע
1981,6156,slingshot,קלע
1982,6162,carver,גלף
1983,6163,leakage,דלף
1984,6168,hoof,טלף
1985,6170,sunburn,כלף
1986,6176,fluff,פלף
1987,6177,sniper,צלף
1988,6178,Judaica,קלף
1989,6179,Ralph,רלף
1990,6180,stubble,שלף
1991,6181,lost,תלף
1992,6189,extract,חלץ
1993,6196,salad,סלץ
1994,6207,fuel,דלק
1995,6211,Part,חלק
1996,6214,each,כלק
1997,6218,beet,סלק
1998,6221,scar,צלק
1999,6222,click,קלק
2000,6225,taluk,תלק
2001,6233,empty,חלר
2002,6237,Ler,ללר
2003,6249,detective,בלש
2004,6253,Welsh,ולש
2005,6255,weak,חלש
2006,6258,any,כלש
2007,6262,slush,סלש
2008,6264,flash,פלש
2009,6273,door,דלת
2010,6276,left,זלת
2011,6280,bride,כלת
2012,6285,rose,עלת
2013,6287,roast,צלת
2014,6288,easy,קלת
2015,6291,three,תלת
2016,6292,mother,אמא
2017,6296,Ma,המא
2018,6299,butter,חמא
2019,6300,unclean,טמא
2020,6303,why,למא
2021,6305,withered,נמא
2022,6307,mother,עמא
2023,6308,Fama,פמא
2024,6309,thirst,צמא
2025,6311,cheater,רמא
2026,6312,perhaps,שמא
2027,6313,Tama,תמא
2028,6353,tire,צמג
2029,6358,measured,אמד
2030,6360,dwarf,גמד
2031,6365,cute,חמד
2032,6367,measured,ימד
2033,6369,learn,למד
2034,6370,dimension,ממד
2035,6371,measured,נמד
2036,6374,Pam,פמד
2037,6375,pair,צמד
2038,6379,mead,תמד
2039,6380,aqueduct,אמה
2040,6383,dummy,דמה
2041,6386,lewdness,זמה
2042,6387,rage,חמה
2043,6388,Tama,טמה
2044,6389,lake,ימה
2045,6397,braid,צמה
2046,6399,level,רמה
2047,6401,theme,תמה
2048,6402,emu,אמו
2049,6413,Mo,למו
2050,6418,Pomo,פמו
2051,6423,ended,תמו
2052,6436,lucky,ממז
2053,6448,millet,גמח
2054,6454,seasoning,טמח
2055,6455,fast,ימח
2056,6457,starch,למח
2057,6458,marrow,ממח
2058,6462,flour,פמח
2059,6463,plant,צמח
2060,6464,flour,קמח
2061,6465,spear,רמח
2062,6466,happy,שמח
2063,6468,Emmett,אמט
2064,6470,gamete,גמט
2065,6483,Emmett,עמט
2066,6485,squeeze,צמט
2067,6486,wrinkle,קמט
2068,6488,left,שמט
2069,6492,reed,גמי
2070,6493,bloody,דמי
2071,6498,Tammy,טמי
2072,6499,maritime,ימי
2073,6500,as,כמי
2074,6501,whom,למי
2075,6504,Sammy,סמי
2076,6509,rummy,רמי
2077,6511,Tammy,תמי
2078,6519,warm,חמך
2079,6526,trust,סמך
2080,6533,support,תמך
2081,6536,camel,גמל
2082,6541,compassion,חמל
2083,6542,tamale,טמל
2084,6543,Yamel,ימל
2085,6546,mumble,ממל
2086,6547,port,נמל
2087,6548,symbol,סמל
2088,6549,labor,עמל
2089,6550,Pamela,פמל
2090,6552,withered,קמל
2091,6553,sand,רמל
2092,6554,left,שמל
2093,6559,bleeding,דמם
2094,6562,muzzle,זמם
2095,6564,clean,טמם
2096,6565,day,ימם
2097,6571,muffler,עמם
2098,6572,Pam,פמם
2099,6578,Amen,אמן
2100,6584,time,זמן
2101,6586,Teman,טמן
2102,6587,Yemen,ימן
2103,6588,as,כמן
2104,6590,finance,ממן
2105,6592,cursor,סמן
2106,6601,No,במס
2107,6607,violence,חמס
2108,6612,solvent,ממס
2109,6613,melt,נמס
2110,6620,No,שמס
2111,6622,mother,אמע
2112,6625,tear,דמע
2113,6626,the,המע
2114,6628,voice,זמע
2115,6635,received,נמע
2116,6638,suddenly,פמע
2117,6640,charm,קמע
2118,6643,absorb,תמע
2119,6657,nymph,נמף
2120,6662,camp,קמף
2121,6666,adopted,אמץ
2122,6673,leaven,חמץ
2123,6675,juice,ימץ
2124,6678,exhaust,ממץ
2125,6684,pinch,קמץ
2126,6686,trace,שמץ
2127,6687,extract,תמץ
2128,6691,checkered,דמק
2129,6701,necrosis,נמק
2130,6702,blush,סמק
2131,6703,valley,עמק
2132,6710,said,אמר
2133,6712,final,גמר
2134,6714,convert,המר
2135,6717,clay,חמר
2136,6719,bet,ימר
2137,6720,priest,כמר
2138,6722,affliction,ממר
2139,6727,wool,צמר
2140,6730,kept,שמר
2141,6734,flexible,גמש
2142,6735,Damascus,דמש
2143,6738,suede,זמש
2144,6739,five,חמש
2145,6741,real,ימש
2146,6742,almost,כמש
2147,6744,really,ממש
2148,6745,freckle,נמש
2149,6748,five,פמש
2150,6751,insect,רמש
2151,6752,sun,שמש
2152,6760,fornication,זמת
2153,6764,quantity,כמת
2154,6766,from,ממת
2155,6770,Pat,פמת
2156,6776,please,אנא
2157,6777,Bana,בנא
2158,6779,Dana,דנא
2159,6782,fornication,זנא
2160,6784,basket,טנא
2161,6785,Yana,ינא
2162,6786,Cana,כנא
2163,6787,Lena,לנא
2164,6789,Nana,ננא
2165,6795,Rana,רנא
2166,6805,snitch,חנב
2167,6813,grape,ענב
2168,6815,tail,צנב
2169,6816,hemp,קנב
2170,6828,Tang,טנג
2171,6848,Zend,זנד
2172,6849,hand,חנד
2173,6852,Canadian,כנד
2174,6860,Canada,קנד
2175,6861,Rand,רנד
2176,6863,swing,תנד
2177,6864,Anna,אנה
2178,6867,Dana,דנה
2179,6868,here,הנה
2180,6870,fornication,זנה
2181,6874,honest,כנה
2182,6875,Lena,לנה
2183,6876,dose,מנה
2184,6877,Nana,ננה
2185,6878,bush,סנה
2186,6880,turn,פנה
2187,6882,barrel,קנה
2188,6884,sleep,שנה
2189,6885,give,תנה
2190,6886,we,אנו
2191,6892,whore,זנו
2192,6894,Tano,טנו
2193,6896,honest,כנו
2194,6897,us,לנו
2195,6900,Snow,סנו
2196,6902,turned,פנו
2197,6904,canoe,קנו
2198,6907,let,תנו
2199,6910,archivist,גנז
2200,6914,move,זנז
2201,6925,censor,צנז
2202,6936,abandoned,זנח
2203,6942,position,מנח
2204,6943,rest,ננח
2205,6944,snort,סנח
2206,6950,rest,שנח
2207,6951,rest,תנח
2208,6954,Ghent,גנט
2209,6962,Kent,כנט
2210,6963,Lent,לנט
2211,6964,Ment,מנט
2212,6966,senate,סנט
2213,6970,Kent,קנט
2214,6977,Danish,דני
2215,6985,Lenny,לני
2216,6986,Manny,מני
2217,6987,nanny,נני
2218,6989,poor,עני
2219,6990,penny,פני
2220,6995,give,תני
2221,6996,plumb,אנך
2222,7003,educated,חנך
2223,7011,cloud,ענך
2224,7017,give,תנך
2225,7034,panel,פנל
2226,7040,are,אנם
2227,7043,acre,דנם
2228,7047,gratis,חנם
2229,7048,tonnage,טנם
2230,7053,napping,ננם
2231,7061,give,תנם
2232,7062,Anna,אנן
2233,7064,gardener,גנן
2234,7066,here,הנן
2235,7071,Yanan,ינן
2236,7072,capstan,כנן
2237,7073,Lena,לנן
2238,7076,filter,סנן
2239,7077,cloud,ענן
2240,7079,chill,צנן
2241,7082,denture,שנן
2242,7083,give,תנן
2243,7084,rapist,אנס
2244,7094,conference,כנס
2245,7097,dwarf,ננס
2246,7100,lantern,פנס
2247,7102,fine,קנס
2248,7106,Ana,אנע
2249,7107,built,בנע
2250,7108,guilt,גנע
2251,7109,Dana,דנע
2252,7110,propulsion,הנע
2253,7112,fornication,זנע
2254,7115,move,ינע
2255,7116,submit,כנע
2256,7121,Ana,ענע
2257,7123,austerity,צנע
2258,7125,Rana,רנע
2259,7126,moving,שנע
2260,7127,momentum,תנע
2261,7128,snipe,אנף
2262,7132,swing,הנף
2263,7134,vine,זנף
2264,7138,wing,כנף
2265,7141,wave,ננף
2266,7143,branch,ענף
2267,7148,vanilla,שנף
2268,7149,swing,תנף
2269,7167,twinkle,צנץ
2270,7170,lace,שנץ
2271,7176,Hank,הנק
2272,7179,suffocation,חנק
2273,7180,tank,טנק
2274,7188,pamper,פנק
2275,7195,banner,בנר
2276,7204,violinist,כנר
2277,7208,apron,סנר
2278,7231,punishment,ענש
2279,7233,sneeze,צנש
2280,7238,you,אנת
2281,7239,daughter,בנת
2282,7240,garden,גנת
2283,7242,here,הנת
2284,7244,fornication,זנת
2285,7248,sincere,כנת
2286,7250,portion,מנת
2287,7253,Anat,ענת
2288,7254,turned,פנת
2289,7256,Kenneth,קנת
2290,7259,gave,תנת
2291,7260,Asa,אסא
2292,7270,chair,כסא
2293,7275,Asa,עסא
2294,7276,pesa,פסא
2295,7294,bearing,מסב
2296,7310,zag,זסג
2297,7316,alloy,מסג
2298,7319,preoccupation,עסג
2299,7328,body,גסד
2300,7329,sandal,דסד
2301,7331,brace,וסד
2302,7333,grace,חסד
2303,7336,brace,כסד
2304,7338,foundation,מסד
2305,7342,loss,פסד
2306,7344,helmet,קסד
2307,7346,splint,שסד
2308,7347,brace,תסד
2309,7348,Asa,אסה
2310,7350,rude,גסה
2311,7355,lettuce,חסה
2312,7358,cover,כסה
2313,7360,mass,מסה
2314,7363,massage,עסה
2315,7364,slice,פסה
2316,7367,thin,רסה
2317,7372,rude,גסו
2318,7376,move,זסו
2319,7377,protect,חסו
2320,7378,fly,טסו
2321,7379,Jesus,יסו
2322,7385,massage,עסו
2323,7386,peso,פסו
2324,7387,fly,צסו
2325,7392,ass,אסז
2326,7398,move,זסז
2327,7402,ass,כסז
2328,7406,sizzle,ססז
2329,7409,sizzle,צסז
2330,7410,sixteen,קסז
2331,7412,move,שסז
2332,7413,move,תסז
2333,7418,divert,הסח
2334,7424,mow,כסח
2335,7429,busy,עסח
2336,7441,vest,וסט
2337,7442,zest,זסט
2338,7444,test,טסט
2339,7451,ate,עסט
2340,7457,shift,תסט
2341,7459,Bessie,בסי
2342,7460,rude,גסי
2343,7471,miraculous,נסי
2344,7474,striped,פסי
2345,7476,Cassie,קסי
2346,7478,chassis,שסי
2347,7482,rude,גסך
2348,7484,total,הסך
2349,7486,Zach,זסך
2350,7487,save,חסך
2351,7490,amount,כסך
2352,7492,screen,מסך
2353,7493,libation,נסך
2354,7495,business,עסך
2355,7501,close,תסך
2356,7502,yoke,אסל
2357,7509,eliminate,חסל
2358,7518,statue,פסל
2359,7521,Russell,רסל
2360,7523,Thessalian,תסל
2361,7524,barn,אסם
2362,7526,fat,גסם
2363,7531,block,חסם
2364,7542,magic,קסם
2365,7544,Sam,שסם
2366,7545,Sam,תסם
2367,7565,curb,רסן
2368,7568,ace,אסס
2369,7569,base,בסס
2370,7570,dying,גסס
2371,7571,mash,דסס
2372,7574,move,זסס
2373,7580,Mass,מסס
2374,7581,hesitate,נסס
2375,7583,juice,עסס
2376,7587,spray,רסס
2377,7589,fizz,תסס
2378,7598,traveled,טסע
2379,7603,traveled,נסע
2380,7605,ase,עסע
2381,7606,step,פסע
2382,7610,cleft,שסע
2383,7611,drive,תסע
2384,7625,added,נסף
2385,7627,branch,עסף
2386,7630,magic,קסף
2387,7633,add,תסף
2388,7635,Bast,בסץ
2389,7645,last,לסץ
2390,7649,ass,עסץ
2391,7652,cast,קסץ
2392,7668,conclusion,מסק
2393,7675,puree,רסק
2394,7676,loquat,שסק
2395,7680,bridge,גסר
2396,7685,short,חסר
2397,7687,regret,יסר
2398,7694,Passer,פסר
2399,7695,Caesar,צסר
2400,7699,remove,תסר
2401,7706,move,זסש
2402,7712,touching,מסש
2403,7723,Seth,בסת
2404,7724,rude,גסת
2405,7726,August,הסת
2406,7729,lettuce,חסת
2407,7731,yest,יסת
2408,7732,quilt,כסת
2409,7733,jaw,לסת
2410,7734,Mass,מסת
2411,7740,inkwell,קסת
2412,7748,the,העא
2413,7752,wrong,טעא
2414,7757,nice,נעא
2415,7761,howl,צעא
2416,7763,bad,רעא
2417,7769,bear,דעב
2418,7772,anger,זעב
2419,7773,abominable,חעב
2420,7774,natural,טעב
2421,7778,thick,מעב
2422,7781,foggy,עעב
2423,7783,sad,צעב
2424,7785,hunger,רעב
2425,7787,thick,תעב
2426,7788,mock,אעג
2427,7790,taunt,געג
2428,7795,holiday,חעג
2429,7799,mockery,לעג
2430,7801,teasing,נעג
2431,7806,keg,קעג
2432,7809,tease,תעג
2433,7811,for,בעד
2434,7812,Ged,געד
2435,7817,sharp,חעד
2436,7818,Ted,טעד
2437,7819,target,יעד
2438,7821,forever,לעד
2439,7822,lapse,מעד
2440,7824,welfare,סעד
2441,7825,witness,עעד
2442,7827,step,צעד
2443,7828,stepped,קעד
2444,7829,tremor,רעד
2445,7830,until,שעד
2446,7832,ah,אעה
2447,7833,expressed,בעה
2448,7835,opinion,דעה
2449,7838,perspiration,זעה
2450,7841,dustpan,יעה
2451,7842,now,כעה
2452,7843,Leah,לעה
2453,7845,moving,נעה
2454,7846,drive,סעה
2455,7848,beat,פעה
2456,7851,evil,רעה
2457,7852,hour,שעה
2458,7855,in,בעו
2459,7857,know,דעו
2460,7858,the,העו
2461,7864,so,כעו
2462,7865,to,לעו
2463,7866,twisted,מעו
2464,7868,drive,סעו
2465,7870,act,פעו
2466,7871,walk,צעו
2467,7873,graze,רעו
2468,7877,goat,בעז
2469,7878,Ges,געז
2470,7885,dare,יעז
2471,7894,cheese,קעז
2472,7895,angry,רעז
2473,7897,dare,תעז
2474,7908,angry,כעח
2475,7909,laugh,לעח
2476,7916,stubborn,קעח
2477,7918,fun,שעח
2478,7919,heck,תעח
2479,7927,hit,חעט
2480,7929,pen,יעט
2481,7931,pen,לעט
2482,7933,Net,נעט
2483,7934,Seth,סעט
2484,7936,fat,פעט
2485,7937,step,צעט
2486,7939,shook,רעט
2487,7940,swam,שעט
2488,7943,problem,בעי
2489,7944,gay,געי
2490,7945,know,דעי
2491,7949,alive,חעי
2492,7950,wrong,טעי
2493,7954,bowel,מעי
2494,7955,moving,נעי
2495,7962,Shai,שעי
2496,7964,squeal,אעך
2497,7965,squeal,בעך
2498,7969,and,ועך
2499,7974,pretzel,כעך
2500,7976,crushed,מעך
2501,7979,gnaw,עעך
2502,7984,shrunk,שעך
2503,7985,pee,תעך
2504,7987,husband,בעל
2505,7988,gel,געל
2506,7989,Del,דעל
2507,7996,as,כעל
2508,7998,above,מעל
2509,7999,shoe,נעל
2510,8002,act,פעל
2511,8005,poison,רעל
2512,8006,on,שעל
2513,8007,channel,תעל
2514,8010,moan,געם
2515,8016,taste,טעם
2516,8017,yam,יעם
2517,8021,Noam,נעם
2518,8022,Sam,סעם
2519,8024,time,פעם
2520,8028,cork,שעם
2521,8029,with,תעם
2522,8031,Ben,בען
2523,8034,answer,הען
2524,8036,see,זען
2525,8037,han,חען
2526,8038,claim,טען
2527,8039,ostrich,יען
2528,8041,Len,לען
2529,8042,address,מען
2530,8047,ten,צען
2531,8048,ken,קען
2532,8049,fresh,רען
2533,8050,watchmaker,שען
2534,8051,answer,תען
2535,8052,angry,אעס
2536,8054,guess,געס
2537,8057,and,ועס
2538,8058,angry,זעס
2539,8059,angry,חעס
2540,8060,Tess,טעס
2541,8061,yes,יעס
2542,8062,anger,כעס
2543,8064,massage,מעס
2544,8067,angry,עעס
2545,8068,step,פעס
2546,8072,sat,שעס
2547,8073,chew,תעס
2548,8075,baa,בעע
2549,8076,touch,געע
2550,8077,know,דעע
2551,8078,the,העע
2552,8079,and,ועע
2553,8080,sweat,זעע
2554,8084,now,כעע
2555,8085,lick,לעע
2556,8087,moving,נעע
2557,8088,split,סעע
2558,8090,beat,פעע
2559,8093,bad,רעע
2560,8098,gasp,געף
2561,8099,page,דעף
2562,8102,rage,זעף
2563,8104,hit,טעף
2564,8105,volley,יעף
2565,8106,fly,כעף
2566,8108,flying,מעף
2567,8110,section,סעף
2568,8111,flew,עעף
2569,8112,flutter,פעף
2570,8113,scarf,צעף
2571,8114,kef,קעף
2572,8115,tile,רעף
2573,8118,advise,אעץ
2574,8127,advised,יעץ
2575,8131,thumbtack,נעץ
2576,8133,advised,עעץ
2577,8134,burst,פעץ
2578,8137,rattle,רעץ
2579,8139,advise,תעץ
2580,8145,and,ועק
2581,8148,Tech,טעק
2582,8151,Lak,לעק
2583,8152,Mac,מעק
2584,8155,stubborn,עעק
2585,8161,bark,תעק
2586,8163,burned,בער
2587,8169,sorry,חער
2588,8171,forest,יער
2589,8175,boy,נער
2590,8176,storm,סער
2591,8177,awake,עער
2592,8178,gap,פער
2593,8179,grief,צער
2594,8180,syncline,קער
2595,8183,razor,תער
2596,8184,fire,אעש
2597,8186,volcano,געש
2598,8187,dash,דעש
2599,8190,rage,זעש
2600,8191,fire,חעש
2601,8196,action,מעש
2602,8197,done,נעש
2603,8206,time,אעת
2604,8209,knowledge,דעת
2605,8213,now,חעת
2606,8215,when,יעת
2607,8216,now,כעת
2608,8218,from,מעת
2609,8219,moving,נעת
2610,8225,bad,רעת
2611,8236,tapa,טפא
2612,8238,Kafa,כפא
2613,8242,spa,ספא
2614,8244,papa,פפא
2615,8246,froze,קפא
2616,8276,premature,הפג
2617,8279,celebrated,חפג
2618,8284,from,מפג
2619,8286,absorbed,ספג
2620,8293,expire,תפג
2621,8308,lamentation,ספד
2622,8313,upholsterer,רפד
2623,8316,nose,אפה
2624,8324,tap,טפה
2625,8326,palm,כפה
2626,8327,here,לפה
2627,8329,sieve,נפה
2628,8330,sofa,ספה
2629,8331,flying,עפה
2630,8333,watch,צפה
2631,8334,coffee,קפה
2632,8335,weak,רפה
2633,8336,language,שפה
2634,8348,forced,כפו
2635,8355,watch,צפו
2636,8357,relax,רפו
2637,8370,leapt,כפז
2638,8372,reward,מפז
2639,8377,click,צפז
2640,8385,push,דפח
2641,8388,tin,זפח
2642,8389,tin,חפח
2643,8390,pat,טפח
2644,8391,tinker,יפח
2645,8394,disappointment,מפח
2646,8395,volume,נפח
2647,8396,attachment,ספח
2648,8398,tin,פפח
2649,8399,slate,צפח
2650,8403,swelling,תפח
2651,8412,wallpaper,טפט
2652,8416,Matt,מפט
2653,8417,oil,נפט
2654,8418,Sept,ספט
2655,8423,rapt,רפט
2656,8424,judge,שפט
2657,8425,tapestry,תפט
2658,8426,epic,אפי
2659,8428,body,גפי
2660,8434,Taffy,טפי
2661,8435,beautiful,יפי
2662,8436,as,כפי
2663,8440,liminal,ספי
2664,8452,opposite,הפך
2665,8456,tap,טפך
2666,8463,Afar,עפך
2667,8465,swashbuckler,צפך
2668,8467,soft,רפך
2669,8468,estuary,שפך
2670,8475,wafer,ופל
2671,8480,multiplication,כפל
2672,8482,waterfall,מפל
2673,8484,cup,ספל
2674,8487,spelt,צפל
2675,8488,fold,קפל
2676,8489,rappel,רפל
2677,8498,mustache,זפם
2678,8499,warm,חפם
2679,8501,Japan,יפם
2680,8503,before,לפם
2681,8512,mustache,שפם
2682,8516,vine,גפן
2683,8523,Japan,יפן
2684,8524,famine,כפן
2685,8528,sailor,ספן
2686,8529,opening,עפן
2687,8531,coder,צפן
2688,8532,cap,קפן
2689,8534,rabbit,שפן
2690,8535,turn,תפן
2691,8536,zero,אפס
2692,8557,catch,תפס
2693,8558,nothingness,אפע
2694,8572,plenty,ספע
2695,8575,viper,צפע
2696,8578,abundance,שפע
2697,8583,page,דפף
2698,8588,tap,טפף
2699,8589,nice,יפף
2700,8590,flexure,כפף
2701,8593,waved,נפף
2702,8595,fly,עפף
2703,8602,hit,אפץ
2704,8606,spread,הפץ
2705,8608,exploded,זפץ
2706,8609,object,חפץ
2707,8613,burst,לפץ
2708,8614,maul,מפץ
2709,8615,detonator,נפץ
2710,8616,splashed,ספץ
2711,8618,exploded,פפץ
2712,8623,spread,תפץ
2713,8626,goiter,גפק
2714,8628,produce,הפק
2715,8630,goiter,זפק
2716,8631,heck,חפק
2717,8632,knock,טפק
2718,8634,cup,כפק
2719,8635,produce,לפק
2720,8636,producer,מפק
2721,8637,issue,נפק
2722,8641,peritoneum,צפק
2723,8643,elbow,רפק
2724,8644,nipple,שפק
2725,8645,produce,תפק
2726,8646,ash,אפר
2727,8654,claw,טפר
2728,8658,violator,מפר
2729,8661,dirt,עפר
2730,8663,ornithologist,צפר
2731,8664,caper,קפר
2732,8666,improve,שפר
2733,8667,seam,תפר
2734,8668,here,אפש
2735,8676,goofy,טפש
2736,8678,slander,כפש
2737,8681,soul,נפש
2738,8683,now,עפש
2739,8687,slime,רפש
2740,8689,catch,תפש
2741,8690,oven,אפת
2742,8696,tar,זפת
2743,8697,cuff,חפת
2744,8699,Japheth,יפת
2745,8700,knot,כפת
2746,8701,turnip,לפת
2747,8702,map,מפת
2748,8704,sofa,ספת
2749,8709,cowshed,רפת
2750,8710,language,שפת
2751,8715,leave,דצא
2752,8719,half,חצא
2753,8724,found,מצא
2754,8730,assign,קצא
2755,8731,ran,רצא
2756,8743,stood,יצב
2757,8745,turtle,לצב
2758,8747,quadrature,נצב
2759,8752,rate,קצב
2760,8753,row,רצב
2761,8754,turtle,שצב
2762,8755,place,תצב
2763,8756,representative,אצג
2764,8767,monitor,לצג
2765,8768,display,מצג
2766,8770,display,סצג
2767,8771,design,עצג
2768,8773,monitor,צצג
2769,8774,end,קצג
2770,8778,side,אצד
2771,8779,aside,בצד
2772,8781,where,דצד
2773,8787,where,יצד
2774,8790,pillbox,מצד
2775,8791,sided,נצד
2776,8793,side,עצד
2777,8799,side,תצד
2778,8800,seaweed,אצה
2779,8801,marsh,בצה
2780,8804,fire,הצה
2781,8805,and,וצה
2782,8807,crossed,חצה
2783,8815,advice,עצה
2784,8818,end,קצה
2785,8819,ran,רצה
2786,8829,crossed,חצו
2787,8831,ordered,יצו
2788,8834,commandment,מצו
2789,8837,advice,עצו
2790,8842,ordered,שצו
2791,8843,order,תצו
2792,8850,move,זצז
2793,8853,Izzy,יצז
2794,8860,exploded,פצז
2795,8861,sizzle,צצז
2796,8872,won,זצח
2797,8875,won,יצח
2798,8878,forehead,מצח
2799,8881,ace,עצח
2800,8882,cracked,פצח
2801,8885,murder,רצח
2802,8886,clean,שצח
2803,8887,win,תצח
2804,8894,cite,זצט
2805,8904,firecracker,פצט
2806,8905,twitter,צצט
2807,8925,woody,עצי
2808,8926,Patsy,פצי
2809,8928,end,קצי
2810,8931,fire,תצי
2811,8950,edge,קצך
2812,8951,ran,רצך
2813,8954,at,אצל
2814,8961,lazy,חצל
2815,8966,shady,מצל
2816,8969,lazy,עצל
2817,8970,shale,פצל
2818,8974,shadow,שצל
2819,8975,shadow,תצל
2820,8985,fasting,יצם
2821,8994,edge,קצם
2822,8995,ran,רצם
2823,8997,fast,תצם
2824,8998,runner,אצן
2825,9011,bud,נצן
2826,9012,scene,סצן
2827,9013,lignin,עצן
2828,9015,voyeur,צצן
2829,9021,Bess,בצס
2830,9027,half,חצס
2831,9043,greed,בצע
2832,9044,root,גצע
2833,9046,offer,הצע
2834,9048,sweat,זצע
2835,9049,grass,חצע
2836,9053,offer,לצע
2837,9054,platform,מצע
2838,9055,offer,נצע
2839,9056,step,סצע
2840,9058,wound,פצע
2841,9060,cut,קצע
2842,9061,hurt,רצע
2843,9062,swim,שצע
2844,9063,offer,תצע
2845,9065,afloat,בצף
2846,9071,cheeky,חצף
2847,9079,fly,עצף
2848,9080,pop,פצף
2849,9081,pop,צצף
2850,9082,foam,קצף
2851,9083,sequence,רצף
2852,9084,floating,שצף
2853,9088,squat,גצץ
2854,9089,splashed,דצץ
2855,9093,gravel,חצץ
2856,9098,sucking,מצץ
2857,9099,glitter,נצץ
2858,9101,earthenware,עצץ
2859,9102,detonator,פצץ
2860,9104,cut,קצץ
2861,9105,ran,רצץ
2862,9109,dough,בצק
2863,9117,cast,יצק
2864,9125,squeal,צצק
2865,9127,ran,רצק
2866,9129,pour,תצק
2867,9131,ore,בצר
2868,9139,inclination,יצר
2869,9140,narrow,כצר
2870,9142,strait,מצר
2871,9143,scion,נצר
2872,9145,stop,עצר
2873,9148,short,קצר
2874,9150,Shatter,שצר
2875,9151,trouble,תצר
2876,9154,bump,גצש
2877,9155,splash,דצש
2878,9169,twitter,צצש
2879,9171,rattling,רצש
2880,9174,acceleration,אצת
2881,9189,advice,עצת
2882,9196,Aka,אקא
2883,9205,Yaka,יקא
2884,9206,as,כקא
2885,9211,Aka,עקא
2886,9213,Cheka,צקא
2887,9216,Shaka,שקא
2888,9221,trace,דקב
2889,9227,winery,יקב
2890,9230,mace,מקב
2891,9231,puncture,נקב
2892,9237,decay,רקב
2893,9243,check,דקג
2894,9247,celebrated,חקג
2895,9256,corkscrew,פקג
2896,9263,checked,בקד
2897,9265,accurate,דקד
2898,9267,and,וקד
2899,9274,target,מקד
2900,9275,dot,נקד
2901,9278,chief,פקד
2902,9280,cockroach,קקד
2903,9284,Aka,אקה
2904,9290,Zeke,זקה
2905,9293,Yaka,יקה
2906,9299,Aka,עקה
2907,9300,cam,פקה
2908,9302,poop,קקה
2909,9303,temple,רקה
2910,9304,drink,שקה
2911,9308,gecko,גקו
2912,9313,imitate,חקו
2913,9318,from,מקו
2914,9326,line,שקו
2915,9330,six,גקז
2916,9339,Lex,לקז
2917,9341,drain,נקז
2918,9345,click,צקז
2919,9347,concentrate,רקז
2920,9354,take,הקח
2921,9360,take,כקח
2922,9362,taking,מקח
2923,9365,stubborn,עקח
2924,9366,inspector,פקח
2925,9369,perfumer,רקח
2926,9370,talk,שקח
2927,9371,take,תקח
2928,9374,jacket,גקט
2929,9378,jacket,זקט
2930,9379,quiet,חקט
2931,9380,tact,טקט
2932,9383,collection,לקט
2933,9385,took,נקט
2934,9389,quiet,צקט
2935,9391,rocket,רקט
2936,9395,versed,בקי
2937,9397,thin,דקי
2938,9401,khaki,חקי
2939,9407,net,נקי
2940,9408,ski,סקי
2941,9409,stubborn,עקי
2942,9419,thin,דקך
2943,9422,Zach,זקך
2944,9429,click,נקך
2945,9432,corkscrew,פקך
2946,9437,yours,תקך
2947,9439,easy,בקל
2948,9445,farm,חקל
2949,9451,easily,נקל
2950,9457,Rachel,רקל
2951,9472,place,מקם
2952,9473,revenge,נקם
2953,9475,curvature,עקם
2954,9479,tissue,רקם
2955,9480,rose,שקם
2956,9485,dean,דקן
2957,9490,technical,טקן
2958,9491,Ken,יקן
2959,9497,Akan,עקן
2960,9498,pecan,פקן
2961,9502,nest,שקן
2962,9503,standard,תקן
2963,9512,ceremony,טקס
2964,9513,X,יקס
2965,9515,Lex,לקס
2966,9516,Max,מקס
2967,9518,sex,סקס
2968,9523,Rex,רקס
2969,9525,ceremony,תקס
2970,9527,split,בקע
2971,9528,dent,גקע
2972,9532,buttock,זקע
2973,9533,stuck,חקע
2974,9534,plugged,טקע
2975,9535,Ike,יקע
2976,9537,sprain,לקע
2977,9538,outlet,מקע
2978,9539,sprain,נקע
2979,9541,sprain,עקע
2980,9542,burst,פקע
2981,9545,background,רקע
2982,9546,socket,שקע
2983,9547,plug,תקע
2984,9552,girth,הקף
2985,9554,erect,זקף
2986,9557,girth,יקף
2987,9560,hyphen,מקף
2988,9564,blinked,פקף
2989,9569,valid,תקף
2990,9585,stung,עקץ
2991,9590,abomination,שקץ
2992,9591,snap,תקץ
2993,9594,gecko,גקק
2994,9595,minutely,דקק
2995,9598,refiner,זקק
2996,9599,enact,חקק
2997,9600,click,טקק
2998,9601,yuck,יקק
2999,9603,lick,לקק
3000,9604,cockroach,מקק
3001,9605,nick,נקק
3002,9607,lame,עקק
3003,9608,cork,פקק
3004,9609,click,צקק
3005,9613,click,תקק
3006,9614,acre,אקר
3007,9621,research,חקר
3008,9629,futile,עקר
3009,9630,packer,פקר
3010,9635,flat,תקר
3011,9639,insist,דקש
3012,9642,ask,זקש
3013,9643,straw,חקש
3014,9645,straw,יקש
3015,9647,press,לקש
3016,9648,key,מקש
3017,9649,tap,נקש
3018,9651,stubborn,עקש
3019,9653,click,צקש
3020,9654,straw,קקש
3021,9656,shake,שקש
3022,9657,tap,תקש
3023,9665,decree,חקת
3024,9670,Mark,מקת
3025,9672,Skat,סקת
3026,9674,cam,פקת
3027,9676,poop,קקת
3028,9677,temple,רקת
3029,9684,see,הרא
3030,9686,seed,זרא
3031,9689,fear,ירא
3032,9690,read,כרא
3033,9694,Sarah,סרא
3034,9696,wild,פרא
3035,9698,read,קרא
3036,9701,look,תרא
3037,9702,ambush,ארב
3038,9709,sword,חרב
3039,9714,maximum,מרב
3040,9715,fight,נרב
3041,9716,refuse,סרב
3042,9717,evening,ערב
3043,9720,battle,קרב
3044,9723,multiply,תרב
3045,9724,fabric,ארג
3046,9725,screw,ברג
3047,9726,Greg,גרג
3048,9727,echelon,דרג
3049,9728,killing,הרג
3050,9733,shot,ירג
3051,9734,as,כרג
3052,9742,Krag,קרג
3053,9745,slap,תרג
3054,9746,bronze,ארד
3055,9747,hail,ברד
3056,9748,itchy,גרד
3057,9751,rose,ורד
3058,9752,twig,זרד
3059,9753,anxious,חרד
3060,9754,thrush,טרד
3061,9758,revolt,מרד
3062,9759,descend,נרד
3063,9762,mule,פרד
3064,9763,itchy,צרד
3065,9770,live,גרה
3066,9772,pregnant,הרה
3067,9774,foreign,זרה
3068,9777,shot,ירה
3069,9780,bile,מרה
3070,9783,awake,ערה
3071,9784,cow,פרה
3072,9788,Sarah,שרה
3073,9790,Aro,ארו
3074,9792,lived,גרו
3075,9793,Drew,דרו
3076,9799,shot,ירו
3077,9800,meet,כרו
3078,9806,Peru,פרו
3079,9807,trouble,צרו
3080,9811,turn,תרו
3081,9812,cedar,ארז
3082,9813,tap,ברז
3083,9814,mortise,גרז
3084,9818,catalyst,זרז
3085,9819,rhyme,חרז
3086,9822,poster,כרז
3087,9825,faucet,נרז
3088,9829,catalyst,צרז
3089,9834,host,ארח
3090,9842,trouble,טרח
3091,9843,moon,ירח
3092,9846,paste,מרח
3093,9847,Norah,נרח
3094,9848,excess,סרח
3095,9850,flower,פרח
3096,9852,ice,קרח
3097,9856,Art,ארט
3098,9857,beret,ברט
3099,9863,stylus,חרט
3100,9866,scratch,כרט
3101,9868,Mart,מרט
3102,9870,movie,סרט
3103,9872,individual,פרט
3104,9874,carat,קרט
3105,9878,lion,ארי
3106,9879,clear,ברי
3107,9886,fresh,טרי
3108,9887,shooting,ירי
3109,9888,curry,כרי
3110,9889,Larry,לרי
3111,9890,Mary,מרי
3112,9891,Neri,נרי
3113,9892,Sri,סרי
3114,9894,fruit,פרי
3115,9895,balm,צרי
3116,9896,curry,קרי
3117,9898,sherry,שרי
3118,9899,Teri,תרי
3119,9901,knee,ברך
3120,9903,way,דרך
3121,9907,lattice,חרך
3122,9909,thigh,ירך
3123,9910,volume,כרך
3124,9912,gravy,מרך
3125,9913,soft,נרך
3126,9915,value,ערך
3127,9916,hard,פרך
3128,9918,soft,קרך
3129,9919,soft,ררך
3130,9920,fern,שרך
3131,9922,Earl,ארל
3132,9925,Daryl,דרל
3133,9932,Carl,כרל
3134,9937,uncircumcised,ערל
3135,9939,Charles,צרל
3136,9940,Karl,קרל
3137,9945,however,ברם
3138,9946,gram,גרם
3139,9950,current,זרם
3140,9951,boycott,חרם
3141,9954,vineyard,כרם
3142,9958,serum,סרם
3143,9959,heap,ערם
3144,9961,snarl,צרם
3145,9962,cream,קרם
3146,9963,Ram,ררם
3147,9966,Arne,ארן
3148,9967,Bern,ברן
3149,9969,Darren,דרן
3150,9971,Vern,ורן
3151,9972,mattress,זרן
3152,9975,Iran,ירן
3153,9976,Karen,כרן
3154,9980,captain,סרן
3155,9983,sad,צרן
3156,9986,Sharan,שרן
3157,9988,venom,ארס
3158,9990,shred,גרס
3159,9992,destruction,הרס
3160,9995,clay,חרס
3161,9998,belly,כרס
3162,9999,Lars,לרס
3163,10000,March,מרס
3164,10002,Seres,סרס
3165,10006,hook,קרס
3166,10009,corn,תרס
3167,10011,bad,ברע
3168,10012,cupper,גרע
3169,10016,seed,זרע
3170,10019,hurt,ירע
3171,10022,companion,מרע
3172,10028,rupture,קרע
3173,10029,bad,ררע
3174,10034,graph,גרף
3175,10039,despite,חרף
3176,10040,prey,טרף
3177,10044,Murph,מרף
3178,10052,resin,שרף
3179,10054,country,ארץ
3180,10060,sprung,זרץ
3181,10061,slot,חרץ
3182,10064,hookworm,כרץ
3183,10066,March,מרץ
3184,10067,vehemently,נרץ
3185,10068,creeper,סרץ
3186,10070,breach,פרץ
3187,10073,ran,ררץ
3188,10079,Derek,דרק
3189,10083,insect,חרק
3190,10084,trek,טרק
3191,10085,vegetable,ירק
3192,10086,Kirk,כרק
3193,10088,soup,מרק
3194,10089,nark,נרק
3195,10090,futile,סרק
3196,10091,deserted,ערק
3197,10094,crack,קרק
3198,10097,spit,תרק
3199,10100,drag,גרר
3200,10101,dribble,דרר
3201,10104,small,זרר
3202,10105,pierced,חרר
3203,10110,bitter,מרר
3204,10113,appeal,ערר
3205,10116,cold,קרר
3206,10121,brush,ברש
3207,10122,apostrophe,גרש
3208,10125,Warsaw,ורש
3209,10127,deaf,חרש
3210,10130,plank,כרש
3211,10132,Marsh,מרש
3212,10133,Naresh,נרש
3213,10135,cradle,ערש
3214,10136,horseman,פרש
3215,10138,board,קרש
3216,10146,pregnant,הרת
3217,10149,engraver,חרת
3218,10151,shot,ירת
3219,10152,Crete,כרת
3220,10154,Mrs,מרת
3221,10156,server,סרת
3222,10159,trouble,צרת
3223,10167,grass,דשא
3224,10171,secret,חשא
3225,10172,grass,טשא
3226,10176,burden,משא
3227,10177,carried,נשא
3228,10179,Asa,עשא
3229,10182,straw,קשא
3230,10185,bear,תשא
3231,10190,answer,השב
3232,10193,accountant,חשב
3233,10198,breeze,משב
3234,10201,grass,עשב
3235,10204,attention,קשב
3236,10212,achievement,השג
3237,10215,dark,חשג
3238,10220,catch,משג
3239,10221,won,נשג
3240,10230,cascade,אשד
3241,10237,suspicion,חשד
3242,10241,marrow,לשד
3243,10252,woman,אשה
3244,10259,felt,חשה
3245,10262,when,כשה
3246,10264,Moses,משה
3247,10272,six,ששה
3248,10275,Shaw,בשו
3249,10276,approach,גשו
3250,10281,felt,חשו
3251,10284,as,כשו
3252,10285,Shu,לשו
3253,10287,married,נשו
3254,10289,did,עשו
3255,10291,wait,צשו
3256,10292,hard,קשו
3257,10295,drink,תשו
3258,10298,browse,גשז
3259,10325,dark,חשח
3260,10327,Jesus,ישח
3261,10328,as,כשח
3262,10335,dry,צשח
3263,10336,tough,קשח
3264,10345,esophagus,ושט
3265,10347,sensed,חשט
3266,10348,blur,טשט
3267,10352,flotilla,משט
3268,10358,decorate,קשט
3269,10360,sailing,ששט
3270,10361,swim,תשט
3271,10364,approach,גשי
3272,10369,sense,חשי
3273,10372,when,כשי
3274,10374,silk,משי
3275,10375,feminine,נשי
3276,10377,do,עשי
3277,10380,hard,קשי
3278,10382,sixth,ששי
3279,10383,put,תשי
3280,10384,testicle,אשך
3281,10387,your,דשך
3282,10391,dark,חשך
3283,10396,duration,משך
3284,10397,usury,נשך
3285,10399,mold,עשך
3286,10402,straw,קשך
3287,10405,pull,תשך
3288,10406,tamarisk,אשל
3289,10407,mature,בשל
3290,10416,failure,כשל
3291,10418,parable,משל
3292,10424,failure,קשל
3293,10425,Rachel,רשל
3294,10430,rain,גשם
3295,10431,there,דשם
3296,10439,opal,לשם
3297,10443,smoky,עשם
3298,10446,magic,קשם
3299,10449,put,תשם
3300,10453,fertilizer,דשן
3301,10459,Old,ישן
3302,10462,from,משן
3303,10465,smoke,עשן
3304,10471,sleep,תשן
3305,10478,Jess,זשס
3306,10496,sin,גשע
3307,10497,nine,דשע
3308,10501,dark,חשע
3309,10503,salvation,ישע
3310,10506,hour,משע
3311,10507,nine,נשע
3312,10509,amused,עשע
3313,10510,crime,פשע
3314,10513,evil,רשע
3315,10515,nine,תשע
3316,10516,wizard,אשף
3317,10523,revealed,חשף
3318,10526,magic,כשף
3319,10529,ball,נשף
3320,10531,wizard,עשף
3321,10537,sorcerer,תשף
3322,10541,splashed,דשץ
3323,10544,Zach,זשץ
3324,10548,as,כשץ
3325,10551,bite,נשץ
3326,10553,mold,עשץ
3327,10555,chirping,צשץ
3328,10567,desire,חשק
3329,10577,squeal,צשק
3330,10582,which,אשר
3331,10583,meat,בשר
3332,10584,bridge,גשר
3333,10592,kosher,כשר
3334,10594,minister,משר
3335,10597,ten,עשר
3336,10598,meaning,פשר
3337,10600,link,קשר
3338,10603,tip,תשר
3339,10606,tracker,גשש
3340,10611,fear,חשש
3341,10617,bitten,נשש
3342,10623,rustle,רשש
3343,10625,six,תשש
3344,10626,wife,אשת
3345,10632,brass,זשת
3346,10638,from,משת
3347,10639,woman,נשת
3348,10646,six,ששת
3349,10650,Gatha,גתא
3350,10656,aunt,טתא
3351,10663,Ata,עתא
3352,10664,suddenly,פתא
3353,10668,cell,שתא
3354,10669,cell,תתא
3355,10677,chopper,חתב
3356,10682,from,מתב
3357,10683,router,נתב
3358,10688,scribe,קתב
3359,10692,badge,אתג
3360,10701,tag,יתג
3361,10703,tag,לתג
3362,10704,switch,מתג
3363,10705,switch,נתג
3364,10712,tag,שתג
3365,10713,tag,תתג
3366,10723,stake,יתד
3367,10726,gauge,מתד
3368,10729,future,עתד
3369,10731,side,צתד
3370,10732,cathode,קתד
3371,10734,that,שתד
3372,10745,tea,יתה
3373,10746,class,כתה
3374,10748,dead,מתה
3375,10751,now,עתה
3376,10754,Catha,קתה
3377,10757,tea,תתה
3378,10760,ghetto,גתו
3379,10769,Leto,לתו
3380,10771,gave,נתו
3381,10772,autumn,סתו
3382,10778,drink,שתו
3383,10779,give,תתו
3384,10786,splashed,זתז
3385,10789,splash,יתז
3386,10791,splash,לתז
3387,10792,splash,מתז
3388,10793,sprinkle,נתז
3389,10794,Seth,סתז
3390,10801,splash,תתז
3391,10809,cut,חתח
3392,10810,beat,טתח
3393,10812,force,כתח
3394,10815,chunk,נתח
3395,10818,opening,פתח
3396,10821,boiled,רתח
3397,10823,strain,תתח
3398,10836,Matt,מתט
3399,10840,patty,פתט
3400,10846,ethical,אתי
3401,10849,religious,דתי
3402,10853,Hittite,חתי
3403,10856,class,כתי
3404,10857,to,לתי
3405,10862,gullible,פתי
3406,10864,Kathy,קתי
3407,10866,two,שתי
3408,10867,under,תתי
3409,10874,yours,זתך
3410,10875,cut,חתך
3411,10877,your,יתך
3412,10881,alloy,נתך
3413,10882,suture,סתך
3414,10883,now,עתך
3415,10887,welder,רתך
3416,10888,drink,שתך
3417,10890,Ethel,אתל
3418,10898,roll,טתל
3419,10910,graft,שתל
3420,10911,mount,תתל
3421,10912,you,אתם
3422,10914,Gotham,גתם
3423,10919,underwriter,חתם
3424,10922,stain,כתם
3425,10924,dead,מתם
3426,10926,mere,סתם
3427,10927,now,עתם
3428,10929,closed,צתם
3429,10931,harness,רתם
3430,10933,give,תתם
3431,10934,you,אתן
3432,10935,daughter,בתן
3433,10941,groom,חתן
3434,10943,May,יתן
3435,10944,jackass,כתן
3436,10946,giving,מתן
3437,10947,Nathan,נתן
3438,10948,urine,סתן
3439,10950,adder,פתן
3440,10954,urine,שתן
3441,10955,give,תתן
3442,10964,flew,טתס
3443,10973,fly,צתס
3444,10975,ratchet,רתס
3445,10983,and,ותע
3446,10990,from,מתע
3447,10993,now,עתע
3448,10994,suddenly,פתע
3449,10995,plant,צתע
3450,10997,recoil,רתע
3451,10998,what,שתע
3452,11010,shoulder,כתף
3453,11014,Seth,סתף
3454,11019,basement,רתף
3455,11029,cut,חתץ
3456,11030,jump,טתץ
3457,11047,stuck,דתק
3458,11049,seniority,ותק
3459,11052,tap,טתק
3460,11053,bag,יתק
3461,11056,sweetness,מתק
3462,11059,huge,עתק
3463,11060,note,פתק
3464,11062,click,קתק
3465,11063,hook,רתק
3466,11066,site,אתר
3467,11068,gether,גתר
3468,11070,heather,התר
3469,11075,remainder,יתר
3470,11076,crown,כתר
3471,11079,carbonate,נתר
3472,11080,secret,סתר
3473,11087,let,תתר
3474,11091,dash,דתש
3475,11100,weakening,מתש
3476,11102,Seth,סתש
3477,11107,shrill,רתש
3478,11108,six,שתש
3479,11110,signalman,אתת
3480,11112,Goth,גתת
3481,11117,hatt,חתת
3482,11119,sub,יתת
3483,11120,sect,כתת
3484,11122,gift,מתת
3485,11124,stonemason,סתת
3486,11130,drink,שתת
3487,11131,give,תתת
