,א,ב,ג,ד,ה,ו,ז,ח,ט,י,כ,ל,מ,נ,ס,ע,פ,צ,ק,ר,ש,ת
0,אא,בא,גא,דא,הא,וא,זא,חא,טא,יא,כא,לא,מא,נא,סא,עא,פא,צא,קא,רא,שא,תא
1,אב,בב,גב,דב,הב,וב,זב,חב,טב,יב,כב,לב,מב,נב,סב,עב,פב,צב,קב,רב,שב,תב
2,אג,בג,גג,דג,הג,וג,זג,חג,טג,יג,כג,לג,מג,נג,סג,עג,פג,צג,קג,רג,שג,תג
3,אד,בד,גד,דד,הד,וד,זד,חד,טד,יד,כד,לד,מד,נד,סד,עד,פד,צד,קד,רד,שד,תד
4,אה,בה,גה,דה,הה,וה,זה,חה,טה,יה,כה,לה,מה,נה,סה,עה,פה,צה,קה,רה,שה,תה
5,או,בו,גו,דו,הו,וו,זו,חו,טו,יו,כו,לו,מו,נו,סו,עו,פו,צו,קו,רו,שו,תו
6,אז,בז,גז,דז,הז,וז,זז,חז,טז,יז,כז,לז,מז,נז,סז,עז,פז,צז,קז,רז,שז,תז
7,אח,בח,גח,דח,הח,וח,זח,חח,טח,יח,כח,לח,מח,נח,סח,עח,פח,צח,קח,רח,שח,תח
8,אט,בט,גט,דט,הט,וט,זט,חט,טט,יט,כט,לט,מט,נט,סט,עט,פט,צט,קט,רט,שט,תט
9,אי,בי,גי,די,הי,וי,זי,חי,טי,יי,כי,לי,מי,ני,סי,עי,פי,צי,קי,רי,שי,תי
10,אך,בך,גך,דך,הך,וך,זך,חך,טך,יך,כך,לך,מך,נך,סך,עך,פך,צך,קך,רך,שך,תך
11,אל,בל,גל,דל,הל,ול,זל,חל,טל,יל,כל,לל,מל,נל,סל,על,פל,צל,קל,רל,של,תל
12,אם,בם,גם,דם,הם,ום,זם,חם,טם,ים,כם,לם,מם,נם,סם,עם,פם,צם,קם,רם,שם,תם
13,אן,בן,גן,דן,הן,ון,זן,חן,טן,ין,כן,לן,מן,נן,סן,ען,פן,צן,קן,רן,שן,תן
14,אס,בס,גס,דס,הס,וס,זס,חס,טס,יס,כס,לס,מס,נס,סס,עס,פס,צס,קס,רס,שס,תס
15,אע,בע,גע,דע,הע,וע,זע,חע,טע,יע,כע,לע,מע,נע,סע,עע,פע,צע,קע,רע,שע,תע
16,אף,בף,גף,דף,הף,וף,זף,חף,טף,יף,כף,לף,מף,נף,סף,עף,פף,צף,קף,רף,שף,תף
17,אץ,בץ,גץ,דץ,הץ,וץ,זץ,חץ,טץ,יץ,כץ,לץ,מץ,נץ,סץ,עץ,פץ,צץ,קץ,רץ,שץ,תץ
18,אק,בק,גק,דק,הק,וק,זק,חק,טק,יק,כק,לק,מק,נק,סק,עק,פק,צק,קק,רק,שק,תק
19,אר,בר,גר,דר,הר,ור,זר,חר,טר,יר,כר,לר,מר,נר,סר,ער,פר,צר,קר,רר,שר,תר
20,אש,בש,גש,דש,הש,וש,זש,חש,טש,יש,כש,לש,מש,נש,סש,עש,פש,צש,קש,רש,שש,תש
21,את,בת,גת,דת,הת,ות,זת,חת,טת,ית,כת,לת,מת,נת,סת,עת,פת,צת,קת,רת,שת,תת
22,אאא,באא,גאא,דאא,האא,ואא,זאא,חאא,טאא,יאא,כאא,לאא,מאא,נאא,סאא,עאא,פאא,צאא,קאא,ראא,שאא,תאא
23,אאב,באב,גאב,דאב,האב,ואב,זאב,חאב,טאב,יאב,כאב,לאב,מאב,נאב,סאב,עאב,פאב,צאב,קאב,ראב,שאב,תאב
24,אאג,באג,גאג,דאג,האג,ואג,זאג,חאג,טאג,יאג,כאג,לאג,מאג,נאג,סאג,עאג,פאג,צאג,קאג,ראג,שאג,תאג
25,אאד,באד,גאד,דאד,האד,ואד,זאד,חאד,טאד,יאד,כאד,לאד,מאד,נאד,סאד,עאד,פאד,צאד,קאד,ראד,שאד,תאד
26,אאה,באה,גאה,דאה,האה,ואה,זאה,חאה,טאה,יאה,כאה,לאה,מאה,נאה,סאה,עאה,פאה,צאה,קאה,ראה,שאה,תאה
27,אאו,באו,גאו,דאו,האו,ואו,זאו,חאו,טאו,יאו,כאו,לאו,מאו,נאו,סאו,עאו,פאו,צאו,קאו,ראו,שאו,תאו
28,אאז,באז,גאז,דאז,האז,ואז,זאז,חאז,טאז,יאז,כאז,לאז,מאז,נאז,סאז,עאז,פאז,צאז,קאז,ראז,שאז,תאז
29,אאח,באח,גאח,דאח,האח,ואח,זאח,חאח,טאח,יאח,כאח,לאח,מאח,נאח,סאח,עאח,פאח,צאח,קאח,ראח,שאח,תאח
30,אאט,באט,גאט,דאט,האט,ואט,זאט,חאט,טאט,יאט,כאט,לאט,מאט,נאט,סאט,עאט,פאט,צאט,קאט,ראט,שאט,תאט
31,אאי,באי,גאי,דאי,האי,ואי,זאי,חאי,טאי,יאי,כאי,לאי,מאי,נאי,סאי,עאי,פאי,צאי,קאי,ראי,שאי,תאי
32,אאך,באך,גאך,דאך,האך,ואך,זאך,חאך,טאך,יאך,כאך,לאך,מאך,נאך,סאך,עאך,פאך,צאך,קאך,ראך,שאך,תאך
33,אאל,באל,גאל,דאל,האל,ואל,זאל,חאל,טאל,יאל,כאל,לאל,מאל,נאל,סאל,עאל,פאל,צאל,קאל,ראל,שאל,תאל
34,אאם,באם,גאם,דאם,האם,ואם,זאם,חאם,טאם,יאם,כאם,לאם,מאם,נאם,סאם,עאם,פאם,צאם,קאם,ראם,שאם,תאם
35,אאן,באן,גאן,דאן,האן,ואן,זאן,חאן,טאן,יאן,כאן,לאן,מאן,נאן,סאן,עאן,פאן,צאן,קאן,ראן,שאן,תאן
36,אאס,באס,גאס,דאס,האס,ואס,זאס,חאס,טאס,יאס,כאס,לאס,מאס,נאס,סאס,עאס,פאס,צאס,קאס,ראס,שאס,תאס
37,אאע,באע,גאע,דאע,האע,ואע,זאע,חאע,טאע,יאע,כאע,לאע,מאע,נאע,סאע,עאע,פאע,צאע,קאע,ראע,שאע,תאע
38,אאף,באף,גאף,דאף,האף,ואף,זאף,חאף,טאף,יאף,כאף,לאף,מאף,נאף,סאף,עאף,פאף,צאף,קאף,ראף,שאף,תאף
39,אאץ,באץ,גאץ,דאץ,האץ,ואץ,זאץ,חאץ,טאץ,יאץ,כאץ,לאץ,מאץ,נאץ,סאץ,עאץ,פאץ,צאץ,קאץ,ראץ,שאץ,תאץ
40,אאק,באק,גאק,דאק,האק,ואק,זאק,חאק,טאק,יאק,כאק,לאק,מאק,נאק,סאק,עאק,פאק,צאק,קאק,ראק,שאק,תאק
41,אאר,באר,גאר,דאר,האר,ואר,זאר,חאר,טאר,יאר,כאר,לאר,מאר,נאר,סאר,עאר,פאר,צאר,קאר,ראר,שאר,תאר
42,אאש,באש,גאש,דאש,האש,ואש,זאש,חאש,טאש,יאש,כאש,לאש,מאש,נאש,סאש,עאש,פאש,צאש,קאש,ראש,שאש,תאש
43,אאת,באת,גאת,דאת,האת,ואת,זאת,חאת,טאת,יאת,כאת,לאת,מאת,נאת,סאת,עאת,פאת,צאת,קאת,ראת,שאת,תאת
44,אבא,בבא,גבא,דבא,הבא,ובא,זבא,חבא,טבא,יבא,כבא,לבא,מבא,נבא,סבא,עבא,פבא,צבא,קבא,רבא,שבא,תבא
45,אבב,בבב,גבב,דבב,הבב,ובב,זבב,חבב,טבב,יבב,כבב,לבב,מבב,נבב,סבב,עבב,פבב,צבב,קבב,רבב,שבב,תבב
46,אבג,בבג,גבג,דבג,הבג,ובג,זבג,חבג,טבג,יבג,כבג,לבג,מבג,נבג,סבג,עבג,פבג,צבג,קבג,רבג,שבג,תבג
47,אבד,בבד,גבד,דבד,הבד,ובד,זבד,חבד,טבד,יבד,כבד,לבד,מבד,נבד,סבד,עבד,פבד,צבד,קבד,רבד,שבד,תבד
48,אבה,בבה,גבה,דבה,הבה,ובה,זבה,חבה,טבה,יבה,כבה,לבה,מבה,נבה,סבה,עבה,פבה,צבה,קבה,רבה,שבה,תבה
49,אבו,בבו,גבו,דבו,הבו,ובו,זבו,חבו,טבו,יבו,כבו,לבו,מבו,נבו,סבו,עבו,פבו,צבו,קבו,רבו,שבו,תבו
50,אבז,בבז,גבז,דבז,הבז,ובז,זבז,חבז,טבז,יבז,כבז,לבז,מבז,נבז,סבז,עבז,פבז,צבז,קבז,רבז,שבז,תבז
51,אבח,בבח,גבח,דבח,הבח,ובח,זבח,חבח,טבח,יבח,כבח,לבח,מבח,נבח,סבח,עבח,פבח,צבח,קבח,רבח,שבח,תבח
52,אבט,בבט,גבט,דבט,הבט,ובט,זבט,חבט,טבט,יבט,כבט,לבט,מבט,נבט,סבט,עבט,פבט,צבט,קבט,רבט,שבט,תבט
53,אבי,בבי,גבי,דבי,הבי,ובי,זבי,חבי,טבי,יבי,כבי,לבי,מבי,נבי,סבי,עבי,פבי,צבי,קבי,רבי,שבי,תבי
54,אבך,בבך,גבך,דבך,הבך,ובך,זבך,חבך,טבך,יבך,כבך,לבך,מבך,נבך,סבך,עבך,פבך,צבך,קבך,רבך,שבך,תבך
55,אבל,בבל,גבל,דבל,הבל,ובל,זבל,חבל,טבל,יבל,כבל,לבל,מבל,נבל,סבל,עבל,פבל,צבל,קבל,רבל,שבל,תבל
56,אבם,בבם,גבם,דבם,הבם,ובם,זבם,חבם,טבם,יבם,כבם,לבם,מבם,נבם,סבם,עבם,פבם,צבם,קבם,רבם,שבם,תבם
57,אבן,בבן,גבן,דבן,הבן,ובן,זבן,חבן,טבן,יבן,כבן,לבן,מבן,נבן,סבן,עבן,פבן,צבן,קבן,רבן,שבן,תבן
58,אבס,בבס,גבס,דבס,הבס,ובס,זבס,חבס,טבס,יבס,כבס,לבס,מבס,נבס,סבס,עבס,פבס,צבס,קבס,רבס,שבס,תבס
59,אבע,בבע,גבע,דבע,הבע,ובע,זבע,חבע,טבע,יבע,כבע,לבע,מבע,נבע,סבע,עבע,פבע,צבע,קבע,רבע,שבע,תבע
60,אבף,בבף,גבף,דבף,הבף,ובף,זבף,חבף,טבף,יבף,כבף,לבף,מבף,נבף,סבף,עבף,פבף,צבף,קבף,רבף,שבף,תבף
61,אבץ,בבץ,גבץ,דבץ,הבץ,ובץ,זבץ,חבץ,טבץ,יבץ,כבץ,לבץ,מבץ,נבץ,סבץ,עבץ,פבץ,צבץ,קבץ,רבץ,שבץ,תבץ
62,אבק,בבק,גבק,דבק,הבק,ובק,זבק,חבק,טבק,יבק,כבק,לבק,מבק,נבק,סבק,עבק,פבק,צבק,קבק,רבק,שבק,תבק
63,אבר,בבר,גבר,דבר,הבר,ובר,זבר,חבר,טבר,יבר,כבר,לבר,מבר,נבר,סבר,עבר,פבר,צבר,קבר,רבר,שבר,תבר
64,אבש,בבש,גבש,דבש,הבש,ובש,זבש,חבש,טבש,יבש,כבש,לבש,מבש,נבש,סבש,עבש,פבש,צבש,קבש,רבש,שבש,תבש
65,אבת,בבת,גבת,דבת,הבת,ובת,זבת,חבת,טבת,יבת,כבת,לבת,מבת,נבת,סבת,עבת,פבת,צבת,קבת,רבת,שבת,תבת
66,אגא,בגא,גגא,דגא,הגא,וגא,זגא,חגא,טגא,יגא,כגא,לגא,מגא,נגא,סגא,עגא,פגא,צגא,קגא,רגא,שגא,תגא
67,אגב,בגב,גגב,דגב,הגב,וגב,זגב,חגב,טגב,יגב,כגב,לגב,מגב,נגב,סגב,עגב,פגב,צגב,קגב,רגב,שגב,תגב
68,אגג,בגג,גגג,דגג,הגג,וגג,זגג,חגג,טגג,יגג,כגג,לגג,מגג,נגג,סגג,עגג,פגג,צגג,קגג,רגג,שגג,תגג
69,אגד,בגד,גגד,דגד,הגד,וגד,זגד,חגד,טגד,יגד,כגד,לגד,מגד,נגד,סגד,עגד,פגד,צגד,קגד,רגד,שגד,תגד
70,אגה,בגה,גגה,דגה,הגה,וגה,זגה,חגה,טגה,יגה,כגה,לגה,מגה,נגה,סגה,עגה,פגה,צגה,קגה,רגה,שגה,תגה
71,אגו,בגו,גגו,דגו,הגו,וגו,זגו,חגו,טגו,יגו,כגו,לגו,מגו,נגו,סגו,עגו,פגו,צגו,קגו,רגו,שגו,תגו
72,אגז,בגז,גגז,דגז,הגז,וגז,זגז,חגז,טגז,יגז,כגז,לגז,מגז,נגז,סגז,עגז,פגז,צגז,קגז,רגז,שגז,תגז
73,אגח,בגח,גגח,דגח,הגח,וגח,זגח,חגח,טגח,יגח,כגח,לגח,מגח,נגח,סגח,עגח,פגח,צגח,קגח,רגח,שגח,תגח
74,אגט,בגט,גגט,דגט,הגט,וגט,זגט,חגט,טגט,יגט,כגט,לגט,מגט,נגט,סגט,עגט,פגט,צגט,קגט,רגט,שגט,תגט
75,אגי,בגי,גגי,דגי,הגי,וגי,זגי,חגי,טגי,יגי,כגי,לגי,מגי,נגי,סגי,עגי,פגי,צגי,קגי,רגי,שגי,תגי
76,אגך,בגך,גגך,דגך,הגך,וגך,זגך,חגך,טגך,יגך,כגך,לגך,מגך,נגך,סגך,עגך,פגך,צגך,קגך,רגך,שגך,תגך
77,אגל,בגל,גגל,דגל,הגל,וגל,זגל,חגל,טגל,יגל,כגל,לגל,מגל,נגל,סגל,עגל,פגל,צגל,קגל,רגל,שגל,תגל
78,אגם,בגם,גגם,דגם,הגם,וגם,זגם,חגם,טגם,יגם,כגם,לגם,מגם,נגם,סגם,עגם,פגם,צגם,קגם,רגם,שגם,תגם
79,אגן,בגן,גגן,דגן,הגן,וגן,זגן,חגן,טגן,יגן,כגן,לגן,מגן,נגן,סגן,עגן,פגן,צגן,קגן,רגן,שגן,תגן
80,אגס,בגס,גגס,דגס,הגס,וגס,זגס,חגס,טגס,יגס,כגס,לגס,מגס,נגס,סגס,עגס,פגס,צגס,קגס,רגס,שגס,תגס
81,אגע,בגע,גגע,דגע,הגע,וגע,זגע,חגע,טגע,יגע,כגע,לגע,מגע,נגע,סגע,עגע,פגע,צגע,קגע,רגע,שגע,תגע
82,אגף,בגף,גגף,דגף,הגף,וגף,זגף,חגף,טגף,יגף,כגף,לגף,מגף,נגף,סגף,עגף,פגף,צגף,קגף,רגף,שגף,תגף
83,אגץ,בגץ,גגץ,דגץ,הגץ,וגץ,זגץ,חגץ,טגץ,יגץ,כגץ,לגץ,מגץ,נגץ,סגץ,עגץ,פגץ,צגץ,קגץ,רגץ,שגץ,תגץ
84,אגק,בגק,גגק,דגק,הגק,וגק,זגק,חגק,טגק,יגק,כגק,לגק,מגק,נגק,סגק,עגק,פגק,צגק,קגק,רגק,שגק,תגק
85,אגר,בגר,גגר,דגר,הגר,וגר,זגר,חגר,טגר,יגר,כגר,לגר,מגר,נגר,סגר,עגר,פגר,צגר,קגר,רגר,שגר,תגר
86,אגש,בגש,גגש,דגש,הגש,וגש,זגש,חגש,טגש,יגש,כגש,לגש,מגש,נגש,סגש,עגש,פגש,צגש,קגש,רגש,שגש,תגש
87,אגת,בגת,גגת,דגת,הגת,וגת,זגת,חגת,טגת,יגת,כגת,לגת,מגת,נגת,סגת,עגת,פגת,צגת,קגת,רגת,שגת,תגת
88,אדא,בדא,גדא,דדא,הדא,ודא,זדא,חדא,טדא,ידא,כדא,לדא,מדא,נדא,סדא,עדא,פדא,צדא,קדא,רדא,שדא,תדא
89,אדב,בדב,גדב,דדב,הדב,ודב,זדב,חדב,טדב,ידב,כדב,לדב,מדב,נדב,סדב,עדב,פדב,צדב,קדב,רדב,שדב,תדב
90,אדג,בדג,גדג,דדג,הדג,ודג,זדג,חדג,טדג,ידג,כדג,לדג,מדג,נדג,סדג,עדג,פדג,צדג,קדג,רדג,שדג,תדג
91,אדד,בדד,גדד,דדד,הדד,ודד,זדד,חדד,טדד,ידד,כדד,לדד,מדד,נדד,סדד,עדד,פדד,צדד,קדד,רדד,שדד,תדד
92,אדה,בדה,גדה,דדה,הדה,ודה,זדה,חדה,טדה,ידה,כדה,לדה,מדה,נדה,סדה,עדה,פדה,צדה,קדה,רדה,שדה,תדה
93,אדו,בדו,גדו,דדו,הדו,ודו,זדו,חדו,טדו,ידו,כדו,לדו,מדו,נדו,סדו,עדו,פדו,צדו,קדו,רדו,שדו,תדו
94,אדז,בדז,גדז,דדז,הדז,ודז,זדז,חדז,טדז,ידז,כדז,לדז,מדז,נדז,סדז,עדז,פדז,צדז,קדז,רדז,שדז,תדז
95,אדח,בדח,גדח,דדח,הדח,ודח,זדח,חדח,טדח,ידח,כדח,לדח,מדח,נדח,סדח,עדח,פדח,צדח,קדח,רדח,שדח,תדח
96,אדט,בדט,גדט,דדט,הדט,ודט,זדט,חדט,טדט,ידט,כדט,לדט,מדט,נדט,סדט,עדט,פדט,צדט,קדט,רדט,שדט,תדט
97,אדי,בדי,גדי,דדי,הדי,ודי,זדי,חדי,טדי,ידי,כדי,לדי,מדי,נדי,סדי,עדי,פדי,צדי,קדי,רדי,שדי,תדי
98,אדך,בדך,גדך,דדך,הדך,ודך,זדך,חדך,טדך,ידך,כדך,לדך,מדך,נדך,סדך,עדך,פדך,צדך,קדך,רדך,שדך,תדך
99,אדל,בדל,גדל,דדל,הדל,ודל,זדל,חדל,טדל,ידל,כדל,לדל,מדל,נדל,סדל,עדל,פדל,צדל,קדל,רדל,שדל,תדל
100,אדם,בדם,גדם,דדם,הדם,ודם,זדם,חדם,טדם,ידם,כדם,לדם,מדם,נדם,סדם,עדם,פדם,צדם,קדם,רדם,שדם,תדם
101,אדן,בדן,גדן,דדן,הדן,ודן,זדן,חדן,טדן,ידן,כדן,לדן,מדן,נדן,סדן,עדן,פדן,צדן,קדן,רדן,שדן,תדן
102,אדס,בדס,גדס,דדס,הדס,ודס,זדס,חדס,טדס,ידס,כדס,לדס,מדס,נדס,סדס,עדס,פדס,צדס,קדס,רדס,שדס,תדס
103,אדע,בדע,גדע,דדע,הדע,ודע,זדע,חדע,טדע,ידע,כדע,לדע,מדע,נדע,סדע,עדע,פדע,צדע,קדע,רדע,שדע,תדע
104,אדף,בדף,גדף,דדף,הדף,ודף,זדף,חדף,טדף,ידף,כדף,לדף,מדף,נדף,סדף,עדף,פדף,צדף,קדף,רדף,שדף,תדף
105,אדץ,בדץ,גדץ,דדץ,הדץ,ודץ,זדץ,חדץ,טדץ,ידץ,כדץ,לדץ,מדץ,נדץ,סדץ,עדץ,פדץ,צדץ,קדץ,רדץ,שדץ,תדץ
106,אדק,בדק,גדק,דדק,הדק,ודק,זדק,חדק,טדק,ידק,כדק,לדק,מדק,נדק,סדק,עדק,פדק,צדק,קדק,רדק,שדק,תדק
107,אדר,בדר,גדר,דדר,הדר,ודר,זדר,חדר,טדר,ידר,כדר,לדר,מדר,נדר,סדר,עדר,פדר,צדר,קדר,רדר,שדר,תדר
108,אדש,בדש,גדש,דדש,הדש,ודש,זדש,חדש,טדש,ידש,כדש,לדש,מדש,נדש,סדש,עדש,פדש,צדש,קדש,רדש,שדש,תדש
109,אדת,בדת,גדת,דדת,הדת,ודת,זדת,חדת,טדת,ידת,כדת,לדת,מדת,נדת,סדת,עדת,פדת,צדת,קדת,רדת,שדת,תדת
110,אהא,בהא,גהא,דהא,ההא,והא,זהא,חהא,טהא,יהא,כהא,להא,מהא,נהא,סהא,עהא,פהא,צהא,קהא,רהא,שהא,תהא
111,אהב,בהב,גהב,דהב,ההב,והב,זהב,חהב,טהב,יהב,כהב,להב,מהב,נהב,סהב,עהב,פהב,צהב,קהב,רהב,שהב,תהב
112,אהג,בהג,גהג,דהג,ההג,והג,זהג,חהג,טהג,יהג,כהג,להג,מהג,נהג,סהג,עהג,פהג,צהג,קהג,רהג,שהג,תהג
113,אהד,בהד,גהד,דהד,ההד,והד,זהד,חהד,טהד,יהד,כהד,להד,מהד,נהד,סהד,עהד,פהד,צהד,קהד,רהד,שהד,תהד
114,אהה,בהה,גהה,דהה,ההה,והה,זהה,חהה,טהה,יהה,כהה,להה,מהה,נהה,סהה,עהה,פהה,צהה,קהה,רהה,שהה,תהה
115,אהו,בהו,גהו,דהו,ההו,והו,זהו,חהו,טהו,יהו,כהו,להו,מהו,נהו,סהו,עהו,פהו,צהו,קהו,רהו,שהו,תהו
116,אהז,בהז,גהז,דהז,ההז,והז,זהז,חהז,טהז,יהז,כהז,להז,מהז,נהז,סהז,עהז,פהז,צהז,קהז,רהז,שהז,תהז
117,אהח,בהח,גהח,דהח,ההח,והח,זהח,חהח,טהח,יהח,כהח,להח,מהח,נהח,סהח,עהח,פהח,צהח,קהח,רהח,שהח,תהח
118,אהט,בהט,גהט,דהט,ההט,והט,זהט,חהט,טהט,יהט,כהט,להט,מהט,נהט,סהט,עהט,פהט,צהט,קהט,רהט,שהט,תהט
119,אהי,בהי,גהי,דהי,ההי,והי,זהי,חהי,טהי,יהי,כהי,להי,מהי,נהי,סהי,עהי,פהי,צהי,קהי,רהי,שהי,תהי
120,אהך,בהך,גהך,דהך,ההך,והך,זהך,חהך,טהך,יהך,כהך,להך,מהך,נהך,סהך,עהך,פהך,צהך,קהך,רהך,שהך,תהך
121,אהל,בהל,גהל,דהל,ההל,והל,זהל,חהל,טהל,יהל,כהל,להל,מהל,נהל,סהל,עהל,פהל,צהל,קהל,רהל,שהל,תהל
122,אהם,בהם,גהם,דהם,ההם,והם,זהם,חהם,טהם,יהם,כהם,להם,מהם,נהם,סהם,עהם,פהם,צהם,קהם,רהם,שהם,תהם
123,אהן,בהן,גהן,דהן,ההן,והן,זהן,חהן,טהן,יהן,כהן,להן,מהן,נהן,סהן,עהן,פהן,צהן,קהן,רהן,שהן,תהן
124,אהס,בהס,גהס,דהס,ההס,והס,זהס,חהס,טהס,יהס,כהס,להס,מהס,נהס,סהס,עהס,פהס,צהס,קהס,רהס,שהס,תהס
125,אהע,בהע,גהע,דהע,ההע,והע,זהע,חהע,טהע,יהע,כהע,להע,מהע,נהע,סהע,עהע,פהע,צהע,קהע,רהע,שהע,תהע
126,אהף,בהף,גהף,דהף,ההף,והף,זהף,חהף,טהף,יהף,כהף,להף,מהף,נהף,סהף,עהף,פהף,צהף,קהף,רהף,שהף,תהף
127,אהץ,בהץ,גהץ,דהץ,ההץ,והץ,זהץ,חהץ,טהץ,יהץ,כהץ,להץ,מהץ,נהץ,סהץ,עהץ,פהץ,צהץ,קהץ,רהץ,שהץ,תהץ
128,אהק,בהק,גהק,דהק,ההק,והק,זהק,חהק,טהק,יהק,כהק,להק,מהק,נהק,סהק,עהק,פהק,צהק,קהק,רהק,שהק,תהק
129,אהר,בהר,גהר,דהר,ההר,והר,זהר,חהר,טהר,יהר,כהר,להר,מהר,נהר,סהר,עהר,פהר,צהר,קהר,רהר,שהר,תהר
130,אהש,בהש,גהש,דהש,ההש,והש,זהש,חהש,טהש,יהש,כהש,להש,מהש,נהש,סהש,עהש,פהש,צהש,קהש,רהש,שהש,תהש
131,אהת,בהת,גהת,דהת,ההת,והת,זהת,חהת,טהת,יהת,כהת,להת,מהת,נהת,סהת,עהת,פהת,צהת,קהת,רהת,שהת,תהת
132,אוא,בוא,גוא,דוא,הוא,ווא,זוא,חוא,טוא,יוא,כוא,לוא,מוא,נוא,סוא,עוא,פוא,צוא,קוא,רוא,שוא,תוא
133,אוב,בוב,גוב,דוב,הוב,ווב,זוב,חוב,טוב,יוב,כוב,לוב,מוב,נוב,סוב,עוב,פוב,צוב,קוב,רוב,שוב,תוב
134,אוג,בוג,גוג,דוג,הוג,ווג,זוג,חוג,טוג,יוג,כוג,לוג,מוג,נוג,סוג,עוג,פוג,צוג,קוג,רוג,שוג,תוג
135,אוד,בוד,גוד,דוד,הוד,ווד,זוד,חוד,טוד,יוד,כוד,לוד,מוד,נוד,סוד,עוד,פוד,צוד,קוד,רוד,שוד,תוד
136,אוה,בוה,גוה,דוה,הוה,ווה,זוה,חוה,טוה,יוה,כוה,לוה,מוה,נוה,סוה,עוה,פוה,צוה,קוה,רוה,שוה,תוה
137,אוו,בוו,גוו,דוו,הוו,ווו,זוו,חוו,טוו,יוו,כוו,לוו,מוו,נוו,סוו,עוו,פוו,צוו,קוו,רוו,שוו,תוו
138,אוז,בוז,גוז,דוז,הוז,ווז,זוז,חוז,טוז,יוז,כוז,לוז,מוז,נוז,סוז,עוז,פוז,צוז,קוז,רוז,שוז,תוז
139,אוח,בוח,גוח,דוח,הוח,ווח,זוח,חוח,טוח,יוח,כוח,לוח,מוח,נוח,סוח,עוח,פוח,צוח,קוח,רוח,שוח,תוח
140,אוט,בוט,גוט,דוט,הוט,ווט,זוט,חוט,טוט,יוט,כוט,לוט,מוט,נוט,סוט,עוט,פוט,צוט,קוט,רוט,שוט,תוט
141,אוי,בוי,גוי,דוי,הוי,ווי,זוי,חוי,טוי,יוי,כוי,לוי,מוי,נוי,סוי,עוי,פוי,צוי,קוי,רוי,שוי,תוי
142,אוך,בוך,גוך,דוך,הוך,ווך,זוך,חוך,טוך,יוך,כוך,לוך,מוך,נוך,סוך,עוך,פוך,צוך,קוך,רוך,שוך,תוך
143,אול,בול,גול,דול,הול,וול,זול,חול,טול,יול,כול,לול,מול,נול,סול,עול,פול,צול,קול,רול,שול,תול
144,אום,בום,גום,דום,הום,וום,זום,חום,טום,יום,כום,לום,מום,נום,סום,עום,פום,צום,קום,רום,שום,תום
145,און,בון,גון,דון,הון,וון,זון,חון,טון,יון,כון,לון,מון,נון,סון,עון,פון,צון,קון,רון,שון,תון
146,אוס,בוס,גוס,דוס,הוס,ווס,זוס,חוס,טוס,יוס,כוס,לוס,מוס,נוס,סוס,עוס,פוס,צוס,קוס,רוס,שוס,תוס
147,אוע,בוע,גוע,דוע,הוע,ווע,זוע,חוע,טוע,יוע,כוע,לוע,מוע,נוע,סוע,עוע,פוע,צוע,קוע,רוע,שוע,תוע
148,אוף,בוף,גוף,דוף,הוף,ווף,זוף,חוף,טוף,יוף,כוף,לוף,מוף,נוף,סוף,עוף,פוף,צוף,קוף,רוף,שוף,תוף
149,אוץ,בוץ,גוץ,דוץ,הוץ,ווץ,זוץ,חוץ,טוץ,יוץ,כוץ,לוץ,מוץ,נוץ,סוץ,עוץ,פוץ,צוץ,קוץ,רוץ,שוץ,תוץ
150,אוק,בוק,גוק,דוק,הוק,ווק,זוק,חוק,טוק,יוק,כוק,לוק,מוק,נוק,סוק,עוק,פוק,צוק,קוק,רוק,שוק,תוק
151,אור,בור,גור,דור,הור,וור,זור,חור,טור,יור,כור,לור,מור,נור,סור,עור,פור,צור,קור,רור,שור,תור
152,אוש,בוש,גוש,דוש,הוש,ווש,זוש,חוש,טוש,יוש,כוש,לוש,מוש,נוש,סוש,עוש,פוש,צוש,קוש,רוש,שוש,תוש
153,אות,בות,גות,דות,הות,וות,זות,חות,טות,יות,כות,לות,מות,נות,סות,עות,פות,צות,קות,רות,שות,תות
154,אזא,בזא,גזא,דזא,הזא,וזא,זזא,חזא,טזא,יזא,כזא,לזא,מזא,נזא,סזא,עזא,פזא,צזא,קזא,רזא,שזא,תזא
155,אזב,בזב,גזב,דזב,הזב,וזב,זזב,חזב,טזב,יזב,כזב,לזב,מזב,נזב,סזב,עזב,פזב,צזב,קזב,רזב,שזב,תזב
156,אזג,בזג,גזג,דזג,הזג,וזג,זזג,חזג,טזג,יזג,כזג,לזג,מזג,נזג,סזג,עזג,פזג,צזג,קזג,רזג,שזג,תזג
157,אזד,בזד,גזד,דזד,הזד,וזד,זזד,חזד,טזד,יזד,כזד,לזד,מזד,נזד,סזד,עזד,פזד,צזד,קזד,רזד,שזד,תזד
158,אזה,בזה,גזה,דזה,הזה,וזה,זזה,חזה,טזה,יזה,כזה,לזה,מזה,נזה,סזה,עזה,פזה,צזה,קזה,רזה,שזה,תזה
159,אזו,בזו,גזו,דזו,הזו,וזו,זזו,חזו,טזו,יזו,כזו,לזו,מזו,נזו,סזו,עזו,פזו,צזו,קזו,רזו,שזו,תזו
160,אזז,בזז,גזז,דזז,הזז,וזז,זזז,חזז,טזז,יזז,כזז,לזז,מזז,נזז,סזז,עזז,פזז,צזז,קזז,רזז,שזז,תזז
161,אזח,בזח,גזח,דזח,הזח,וזח,זזח,חזח,טזח,יזח,כזח,לזח,מזח,נזח,סזח,עזח,פזח,צזח,קזח,רזח,שזח,תזח
162,אזט,בזט,גזט,דזט,הזט,וזט,זזט,חזט,טזט,יזט,כזט,לזט,מזט,נזט,סזט,עזט,פזט,צזט,קזט,רזט,שזט,תזט
163,אזי,בזי,גזי,דזי,הזי,וזי,זזי,חזי,טזי,יזי,כזי,לזי,מזי,נזי,סזי,עזי,פזי,צזי,קזי,רזי,שזי,תזי
164,אזך,בזך,גזך,דזך,הזך,וזך,זזך,חזך,טזך,יזך,כזך,לזך,מזך,נזך,סזך,עזך,פזך,צזך,קזך,רזך,שזך,תזך
165,אזל,בזל,גזל,דזל,הזל,וזל,זזל,חזל,טזל,יזל,כזל,לזל,מזל,נזל,סזל,עזל,פזל,צזל,קזל,רזל,שזל,תזל
166,אזם,בזם,גזם,דזם,הזם,וזם,זזם,חזם,טזם,יזם,כזם,לזם,מזם,נזם,סזם,עזם,פזם,צזם,קזם,רזם,שזם,תזם
167,אזן,בזן,גזן,דזן,הזן,וזן,זזן,חזן,טזן,יזן,כזן,לזן,מזן,נזן,סזן,עזן,פזן,צזן,קזן,רזן,שזן,תזן
168,אזס,בזס,גזס,דזס,הזס,וזס,זזס,חזס,טזס,יזס,כזס,לזס,מזס,נזס,סזס,עזס,פזס,צזס,קזס,רזס,שזס,תזס
169,אזע,בזע,גזע,דזע,הזע,וזע,זזע,חזע,טזע,יזע,כזע,לזע,מזע,נזע,סזע,עזע,פזע,צזע,קזע,רזע,שזע,תזע
170,אזף,בזף,גזף,דזף,הזף,וזף,זזף,חזף,טזף,יזף,כזף,לזף,מזף,נזף,סזף,עזף,פזף,צזף,קזף,רזף,שזף,תזף
171,אזץ,בזץ,גזץ,דזץ,הזץ,וזץ,זזץ,חזץ,טזץ,יזץ,כזץ,לזץ,מזץ,נזץ,סזץ,עזץ,פזץ,צזץ,קזץ,רזץ,שזץ,תזץ
172,אזק,בזק,גזק,דזק,הזק,וזק,זזק,חזק,טזק,יזק,כזק,לזק,מזק,נזק,סזק,עזק,פזק,צזק,קזק,רזק,שזק,תזק
173,אזר,בזר,גזר,דזר,הזר,וזר,זזר,חזר,טזר,יזר,כזר,לזר,מזר,נזר,סזר,עזר,פזר,צזר,קזר,רזר,שזר,תזר
174,אזש,בזש,גזש,דזש,הזש,וזש,זזש,חזש,טזש,יזש,כזש,לזש,מזש,נזש,סזש,עזש,פזש,צזש,קזש,רזש,שזש,תזש
175,אזת,בזת,גזת,דזת,הזת,וזת,זזת,חזת,טזת,יזת,כזת,לזת,מזת,נזת,סזת,עזת,פזת,צזת,קזת,רזת,שזת,תזת
176,אחא,בחא,גחא,דחא,החא,וחא,זחא,חחא,טחא,יחא,כחא,לחא,מחא,נחא,סחא,עחא,פחא,צחא,קחא,רחא,שחא,תחא
177,אחב,בחב,גחב,דחב,החב,וחב,זחב,חחב,טחב,יחב,כחב,לחב,מחב,נחב,סחב,עחב,פחב,צחב,קחב,רחב,שחב,תחב
178,אחג,בחג,גחג,דחג,החג,וחג,זחג,חחג,טחג,יחג,כחג,לחג,מחג,נחג,סחג,עחג,פחג,צחג,קחג,רחג,שחג,תחג
179,אחד,בחד,גחד,דחד,החד,וחד,זחד,חחד,טחד,יחד,כחד,לחד,מחד,נחד,סחד,עחד,פחד,צחד,קחד,רחד,שחד,תחד
180,אחה,בחה,גחה,דחה,החה,וחה,זחה,חחה,טחה,יחה,כחה,לחה,מחה,נחה,סחה,עחה,פחה,צחה,קחה,רחה,שחה,תחה
181,אחו,בחו,גחו,דחו,החו,וחו,זחו,חחו,טחו,יחו,כחו,לחו,מחו,נחו,סחו,עחו,פחו,צחו,קחו,רחו,שחו,תחו
182,אחז,בחז,גחז,דחז,החז,וחז,זחז,חחז,טחז,יחז,כחז,לחז,מחז,נחז,סחז,עחז,פחז,צחז,קחז,רחז,שחז,תחז
183,אחח,בחח,גחח,דחח,החח,וחח,זחח,חחח,טחח,יחח,כחח,לחח,מחח,נחח,סחח,עחח,פחח,צחח,קחח,רחח,שחח,תחח
184,אחט,בחט,גחט,דחט,החט,וחט,זחט,חחט,טחט,יחט,כחט,לחט,מחט,נחט,סחט,עחט,פחט,צחט,קחט,רחט,שחט,תחט
185,אחי,בחי,גחי,דחי,החי,וחי,זחי,חחי,טחי,יחי,כחי,לחי,מחי,נחי,סחי,עחי,פחי,צחי,קחי,רחי,שחי,תחי
186,אחך,בחך,גחך,דחך,החך,וחך,זחך,חחך,טחך,יחך,כחך,לחך,מחך,נחך,סחך,עחך,פחך,צחך,קחך,רחך,שחך,תחך
187,אחל,בחל,גחל,דחל,החל,וחל,זחל,חחל,טחל,יחל,כחל,לחל,מחל,נחל,סחל,עחל,פחל,צחל,קחל,רחל,שחל,תחל
188,אחם,בחם,גחם,דחם,החם,וחם,זחם,חחם,טחם,יחם,כחם,לחם,מחם,נחם,סחם,עחם,פחם,צחם,קחם,רחם,שחם,תחם
189,אחן,בחן,גחן,דחן,החן,וחן,זחן,חחן,טחן,יחן,כחן,לחן,מחן,נחן,סחן,עחן,פחן,צחן,קחן,רחן,שחן,תחן
190,אחס,בחס,גחס,דחס,החס,וחס,זחס,חחס,טחס,יחס,כחס,לחס,מחס,נחס,סחס,עחס,פחס,צחס,קחס,רחס,שחס,תחס
191,אחע,בחע,גחע,דחע,החע,וחע,זחע,חחע,טחע,יחע,כחע,לחע,מחע,נחע,סחע,עחע,פחע,צחע,קחע,רחע,שחע,תחע
192,אחף,בחף,גחף,דחף,החף,וחף,זחף,חחף,טחף,יחף,כחף,לחף,מחף,נחף,סחף,עחף,פחף,צחף,קחף,רחף,שחף,תחף
193,אחץ,בחץ,גחץ,דחץ,החץ,וחץ,זחץ,חחץ,טחץ,יחץ,כחץ,לחץ,מחץ,נחץ,סחץ,עחץ,פחץ,צחץ,קחץ,רחץ,שחץ,תחץ
194,אחק,בחק,גחק,דחק,החק,וחק,זחק,חחק,טחק,יחק,כחק,לחק,מחק,נחק,סחק,עחק,פחק,צחק,קחק,רחק,שחק,תחק
195,אחר,בחר,גחר,דחר,החר,וחר,זחר,חחר,טחר,יחר,כחר,לחר,מחר,נחר,סחר,עחר,פחר,צחר,קחר,רחר,שחר,תחר
196,אחש,בחש,גחש,דחש,החש,וחש,זחש,חחש,טחש,יחש,כחש,לחש,מחש,נחש,סחש,עחש,פחש,צחש,קחש,רחש,שחש,תחש
197,אחת,בחת,גחת,דחת,החת,וחת,זחת,חחת,טחת,יחת,כחת,לחת,מחת,נחת,סחת,עחת,פחת,צחת,קחת,רחת,שחת,תחת
198,אטא,בטא,גטא,דטא,הטא,וטא,זטא,חטא,טטא,יטא,כטא,לטא,מטא,נטא,סטא,עטא,פטא,צטא,קטא,רטא,שטא,תטא
199,אטב,בטב,גטב,דטב,הטב,וטב,זטב,חטב,טטב,יטב,כטב,לטב,מטב,נטב,סטב,עטב,פטב,צטב,קטב,רטב,שטב,תטב
200,אטג,בטג,גטג,דטג,הטג,וטג,זטג,חטג,טטג,יטג,כטג,לטג,מטג,נטג,סטג,עטג,פטג,צטג,קטג,רטג,שטג,תטג
201,אטד,בטד,גטד,דטד,הטד,וטד,זטד,חטד,טטד,יטד,כטד,לטד,מטד,נטד,סטד,עטד,פטד,צטד,קטד,רטד,שטד,תטד
202,אטה,בטה,גטה,דטה,הטה,וטה,זטה,חטה,טטה,יטה,כטה,לטה,מטה,נטה,סטה,עטה,פטה,צטה,קטה,רטה,שטה,תטה
203,אטו,בטו,גטו,דטו,הטו,וטו,זטו,חטו,טטו,יטו,כטו,לטו,מטו,נטו,סטו,עטו,פטו,צטו,קטו,רטו,שטו,תטו
204,אטז,בטז,גטז,דטז,הטז,וטז,זטז,חטז,טטז,יטז,כטז,לטז,מטז,נטז,סטז,עטז,פטז,צטז,קטז,רטז,שטז,תטז
205,אטח,בטח,גטח,דטח,הטח,וטח,זטח,חטח,טטח,יטח,כטח,לטח,מטח,נטח,סטח,עטח,פטח,צטח,קטח,רטח,שטח,תטח
206,אטט,בטט,גטט,דטט,הטט,וטט,זטט,חטט,טטט,יטט,כטט,לטט,מטט,נטט,סטט,עטט,פטט,צטט,קטט,רטט,שטט,תטט
207,אטי,בטי,גטי,דטי,הטי,וטי,זטי,חטי,טטי,יטי,כטי,לטי,מטי,נטי,סטי,עטי,פטי,צטי,קטי,רטי,שטי,תטי
208,אטך,בטך,גטך,דטך,הטך,וטך,זטך,חטך,טטך,יטך,כטך,לטך,מטך,נטך,סטך,עטך,פטך,צטך,קטך,רטך,שטך,תטך
209,אטל,בטל,גטל,דטל,הטל,וטל,זטל,חטל,טטל,יטל,כטל,לטל,מטל,נטל,סטל,עטל,פטל,צטל,קטל,רטל,שטל,תטל
210,אטם,בטם,גטם,דטם,הטם,וטם,זטם,חטם,טטם,יטם,כטם,לטם,מטם,נטם,סטם,עטם,פטם,צטם,קטם,רטם,שטם,תטם
211,אטן,בטן,גטן,דטן,הטן,וטן,זטן,חטן,טטן,יטן,כטן,לטן,מטן,נטן,סטן,עטן,פטן,צטן,קטן,רטן,שטן,תטן
212,אטס,בטס,גטס,דטס,הטס,וטס,זטס,חטס,טטס,יטס,כטס,לטס,מטס,נטס,סטס,עטס,פטס,צטס,קטס,רטס,שטס,תטס
213,אטע,בטע,גטע,דטע,הטע,וטע,זטע,חטע,טטע,יטע,כטע,לטע,מטע,נטע,סטע,עטע,פטע,צטע,קטע,רטע,שטע,תטע
214,אטף,בטף,גטף,דטף,הטף,וטף,זטף,חטף,טטף,יטף,כטף,לטף,מטף,נטף,סטף,עטף,פטף,צטף,קטף,רטף,שטף,תטף
215,אטץ,בטץ,גטץ,דטץ,הטץ,וטץ,זטץ,חטץ,טטץ,יטץ,כטץ,לטץ,מטץ,נטץ,סטץ,עטץ,פטץ,צטץ,קטץ,רטץ,שטץ,תטץ
216,אטק,בטק,גטק,דטק,הטק,וטק,זטק,חטק,טטק,יטק,כטק,לטק,מטק,נטק,סטק,עטק,פטק,צטק,קטק,רטק,שטק,תטק
217,אטר,בטר,גטר,דטר,הטר,וטר,זטר,חטר,טטר,יטר,כטר,לטר,מטר,נטר,סטר,עטר,פטר,צטר,קטר,רטר,שטר,תטר
218,אטש,בטש,גטש,דטש,הטש,וטש,זטש,חטש,טטש,יטש,כטש,לטש,מטש,נטש,סטש,עטש,פטש,צטש,קטש,רטש,שטש,תטש
219,אטת,בטת,גטת,דטת,הטת,וטת,זטת,חטת,טטת,יטת,כטת,לטת,מטת,נטת,סטת,עטת,פטת,צטת,קטת,רטת,שטת,תטת
220,איא,ביא,גיא,דיא,היא,ויא,זיא,חיא,טיא,ייא,כיא,ליא,מיא,ניא,סיא,עיא,פיא,ציא,קיא,ריא,שיא,תיא
221,איב,ביב,גיב,דיב,היב,ויב,זיב,חיב,טיב,ייב,כיב,ליב,מיב,ניב,סיב,עיב,פיב,ציב,קיב,ריב,שיב,תיב
222,איג,ביג,גיג,דיג,היג,ויג,זיג,חיג,טיג,ייג,כיג,ליג,מיג,ניג,סיג,עיג,פיג,ציג,קיג,ריג,שיג,תיג
223,איד,ביד,גיד,דיד,היד,ויד,זיד,חיד,טיד,ייד,כיד,ליד,מיד,ניד,סיד,עיד,פיד,ציד,קיד,ריד,שיד,תיד
224,איה,ביה,גיה,דיה,היה,ויה,זיה,חיה,טיה,ייה,כיה,ליה,מיה,ניה,סיה,עיה,פיה,ציה,קיה,ריה,שיה,תיה
225,איו,ביו,גיו,דיו,היו,ויו,זיו,חיו,טיו,ייו,כיו,ליו,מיו,ניו,סיו,עיו,פיו,ציו,קיו,ריו,שיו,תיו
226,איז,ביז,גיז,דיז,היז,ויז,זיז,חיז,טיז,ייז,כיז,ליז,מיז,ניז,סיז,עיז,פיז,ציז,קיז,ריז,שיז,תיז
227,איח,ביח,גיח,דיח,היח,ויח,זיח,חיח,טיח,ייח,כיח,ליח,מיח,ניח,סיח,עיח,פיח,ציח,קיח,ריח,שיח,תיח
228,איט,ביט,גיט,דיט,היט,ויט,זיט,חיט,טיט,ייט,כיט,ליט,מיט,ניט,סיט,עיט,פיט,ציט,קיט,ריט,שיט,תיט
229,איי,ביי,גיי,דיי,היי,ויי,זיי,חיי,טיי,ייי,כיי,ליי,מיי,ניי,סיי,עיי,פיי,ציי,קיי,ריי,שיי,תיי
230,איך,ביך,גיך,דיך,היך,ויך,זיך,חיך,טיך,ייך,כיך,ליך,מיך,ניך,סיך,עיך,פיך,ציך,קיך,ריך,שיך,תיך
231,איל,ביל,גיל,דיל,היל,ויל,זיל,חיל,טיל,ייל,כיל,ליל,מיל,ניל,סיל,עיל,פיל,ציל,קיל,ריל,שיל,תיל
232,אים,בים,גים,דים,הים,וים,זים,חים,טים,יים,כים,לים,מים,נים,סים,עים,פים,צים,קים,רים,שים,תים
233,אין,בין,גין,דין,הין,וין,זין,חין,טין,יין,כין,לין,מין,נין,סין,עין,פין,צין,קין,רין,שין,תין
234,איס,ביס,גיס,דיס,היס,ויס,זיס,חיס,טיס,ייס,כיס,ליס,מיס,ניס,סיס,עיס,פיס,ציס,קיס,ריס,שיס,תיס
235,איע,ביע,גיע,דיע,היע,ויע,זיע,חיע,טיע,ייע,כיע,ליע,מיע,ניע,סיע,עיע,פיע,ציע,קיע,ריע,שיע,תיע
236,איף,ביף,גיף,דיף,היף,ויף,זיף,חיף,טיף,ייף,כיף,ליף,מיף,ניף,סיף,עיף,פיף,ציף,קיף,ריף,שיף,תיף
237,איץ,ביץ,גיץ,דיץ,היץ,ויץ,זיץ,חיץ,טיץ,ייץ,כיץ,ליץ,מיץ,ניץ,סיץ,עיץ,פיץ,ציץ,קיץ,ריץ,שיץ,תיץ
238,איק,ביק,גיק,דיק,היק,ויק,זיק,חיק,טיק,ייק,כיק,ליק,מיק,ניק,סיק,עיק,פיק,ציק,קיק,ריק,שיק,תיק
239,איר,ביר,גיר,דיר,היר,ויר,זיר,חיר,טיר,ייר,כיר,ליר,מיר,ניר,סיר,עיר,פיר,ציר,קיר,ריר,שיר,תיר
240,איש,ביש,גיש,דיש,היש,ויש,זיש,חיש,טיש,ייש,כיש,ליש,מיש,ניש,סיש,עיש,פיש,ציש,קיש,ריש,שיש,תיש
241,אית,בית,גית,דית,הית,וית,זית,חית,טית,יית,כית,לית,מית,נית,סית,עית,פית,צית,קית,רית,שית,תית
242,אכא,בכא,גכא,דכא,הכא,וכא,זכא,חכא,טכא,יכא,ככא,לכא,מכא,נכא,סכא,עכא,פכא,צכא,קכא,רכא,שכא,תכא
243,אכב,בכב,גכב,דכב,הכב,וכב,זכב,חכב,טכב,יכב,ככב,לכב,מכב,נכב,סכב,עכב,פכב,צכב,קכב,רכב,שכב,תכב
244,אכג,בכג,גכג,דכג,הכג,וכג,זכג,חכג,טכג,יכג,ככג,לכג,מכג,נכג,סכג,עכג,פכג,צכג,קכג,רכג,שכג,תכג
245,אכד,בכד,גכד,דכד,הכד,וכד,זכד,חכד,טכד,יכד,ככד,לכד,מכד,נכד,סכד,עכד,פכד,צכד,קכד,רכד,שכד,תכד
246,אכה,בכה,גכה,דכה,הכה,וכה,זכה,חכה,טכה,יכה,ככה,לכה,מכה,נכה,סכה,עכה,פכה,צכה,קכה,רכה,שכה,תכה
247,אכו,בכו,גכו,דכו,הכו,וכו,זכו,חכו,טכו,יכו,ככו,לכו,מכו,נכו,סכו,עכו,פכו,צכו,קכו,רכו,שכו,תכו
248,אכז,בכז,גכז,דכז,הכז,וכז,זכז,חכז,טכז,יכז,ככז,לכז,מכז,נכז,סכז,עכז,פכז,צכז,קכז,רכז,שכז,תכז
249,אכח,בכח,גכח,דכח,הכח,וכח,זכח,חכח,טכח,יכח,ככח,לכח,מכח,נכח,סכח,עכח,פכח,צכח,קכח,רכח,שכח,תכח
250,אכט,בכט,גכט,דכט,הכט,וכט,זכט,חכט,טכט,יכט,ככט,לכט,מכט,נכט,סכט,עכט,פכט,צכט,קכט,רכט,שכט,תכט
251,אכי,בכי,גכי,דכי,הכי,וכי,זכי,חכי,טכי,יכי,ככי,לכי,מכי,נכי,סכי,עכי,פכי,צכי,קכי,רכי,שכי,תכי
252,אכך,בכך,גכך,דכך,הכך,וכך,זכך,חכך,טכך,יכך,ככך,לכך,מכך,נכך,סכך,עכך,פכך,צכך,קכך,רכך,שכך,תכך
253,אכל,בכל,גכל,דכל,הכל,וכל,זכל,חכל,טכל,יכל,ככל,לכל,מכל,נכל,סכל,עכל,פכל,צכל,קכל,רכל,שכל,תכל
254,אכם,בכם,גכם,דכם,הכם,וכם,זכם,חכם,טכם,יכם,ככם,לכם,מכם,נכם,סכם,עכם,פכם,צכם,קכם,רכם,שכם,תכם
255,אכן,בכן,גכן,דכן,הכן,וכן,זכן,חכן,טכן,יכן,ככן,לכן,מכן,נכן,סכן,עכן,פכן,צכן,קכן,רכן,שכן,תכן
256,אכס,בכס,גכס,דכס,הכס,וכס,זכס,חכס,טכס,יכס,ככס,לכס,מכס,נכס,סכס,עכס,פכס,צכס,קכס,רכס,שכס,תכס
257,אכע,בכע,גכע,דכע,הכע,וכע,זכע,חכע,טכע,יכע,ככע,לכע,מכע,נכע,סכע,עכע,פכע,צכע,קכע,רכע,שכע,תכע
258,אכף,בכף,גכף,דכף,הכף,וכף,זכף,חכף,טכף,יכף,ככף,לכף,מכף,נכף,סכף,עכף,פכף,צכף,קכף,רכף,שכף,תכף
259,אכץ,בכץ,גכץ,דכץ,הכץ,וכץ,זכץ,חכץ,טכץ,יכץ,ככץ,לכץ,מכץ,נכץ,סכץ,עכץ,פכץ,צכץ,קכץ,רכץ,שכץ,תכץ
260,אכק,בכק,גכק,דכק,הכק,וכק,זכק,חכק,טכק,יכק,ככק,לכק,מכק,נכק,סכק,עכק,פכק,צכק,קכק,רכק,שכק,תכק
261,אכר,בכר,גכר,דכר,הכר,וכר,זכר,חכר,טכר,יכר,ככר,לכר,מכר,נכר,סכר,עכר,פכר,צכר,קכר,רכר,שכר,תכר
262,אכש,בכש,גכש,דכש,הכש,וכש,זכש,חכש,טכש,יכש,ככש,לכש,מכש,נכש,סכש,עכש,פכש,צכש,קכש,רכש,שכש,תכש
263,אכת,בכת,גכת,דכת,הכת,וכת,זכת,חכת,טכת,יכת,ככת,לכת,מכת,נכת,סכת,עכת,פכת,צכת,קכת,רכת,שכת,תכת
264,אלא,בלא,גלא,דלא,הלא,ולא,זלא,חלא,טלא,ילא,כלא,ללא,מלא,נלא,סלא,עלא,פלא,צלא,קלא,רלא,שלא,תלא
265,אלב,בלב,גלב,דלב,הלב,ולב,זלב,חלב,טלב,ילב,כלב,ללב,מלב,נלב,סלב,עלב,פלב,צלב,קלב,רלב,שלב,תלב
266,אלג,בלג,גלג,דלג,הלג,ולג,זלג,חלג,טלג,ילג,כלג,ללג,מלג,נלג,סלג,עלג,פלג,צלג,קלג,רלג,שלג,תלג
267,אלד,בלד,גלד,דלד,הלד,ולד,זלד,חלד,טלד,ילד,כלד,ללד,מלד,נלד,סלד,עלד,פלד,צלד,קלד,רלד,שלד,תלד
268,אלה,בלה,גלה,דלה,הלה,ולה,זלה,חלה,טלה,ילה,כלה,ללה,מלה,נלה,סלה,עלה,פלה,צלה,קלה,רלה,שלה,תלה
269,אלו,בלו,גלו,דלו,הלו,ולו,זלו,חלו,טלו,ילו,כלו,ללו,מלו,נלו,סלו,עלו,פלו,צלו,קלו,רלו,שלו,תלו
270,אלז,בלז,גלז,דלז,הלז,ולז,זלז,חלז,טלז,ילז,כלז,ללז,מלז,נלז,סלז,עלז,פלז,צלז,קלז,רלז,שלז,תלז
271,אלח,בלח,גלח,דלח,הלח,ולח,זלח,חלח,טלח,ילח,כלח,ללח,מלח,נלח,סלח,עלח,פלח,צלח,קלח,רלח,שלח,תלח
272,אלט,בלט,גלט,דלט,הלט,ולט,זלט,חלט,טלט,ילט,כלט,ללט,מלט,נלט,סלט,עלט,פלט,צלט,קלט,רלט,שלט,תלט
273,אלי,בלי,גלי,דלי,הלי,ולי,זלי,חלי,טלי,ילי,כלי,ללי,מלי,נלי,סלי,עלי,פלי,צלי,קלי,רלי,שלי,תלי
274,אלך,בלך,גלך,דלך,הלך,ולך,זלך,חלך,טלך,ילך,כלך,ללך,מלך,נלך,סלך,עלך,פלך,צלך,קלך,רלך,שלך,תלך
275,אלל,בלל,גלל,דלל,הלל,ולל,זלל,חלל,טלל,ילל,כלל,ללל,מלל,נלל,סלל,עלל,פלל,צלל,קלל,רלל,שלל,תלל
276,אלם,בלם,גלם,דלם,הלם,ולם,זלם,חלם,טלם,ילם,כלם,ללם,מלם,נלם,סלם,עלם,פלם,צלם,קלם,רלם,שלם,תלם
277,אלן,בלן,גלן,דלן,הלן,ולן,זלן,חלן,טלן,ילן,כלן,ללן,מלן,נלן,סלן,עלן,פלן,צלן,קלן,רלן,שלן,תלן
278,אלס,בלס,גלס,דלס,הלס,ולס,זלס,חלס,טלס,ילס,כלס,ללס,מלס,נלס,סלס,עלס,פלס,צלס,קלס,רלס,שלס,תלס
279,אלע,בלע,גלע,דלע,הלע,ולע,זלע,חלע,טלע,ילע,כלע,ללע,מלע,נלע,סלע,עלע,פלע,צלע,קלע,רלע,שלע,תלע
280,אלף,בלף,גלף,דלף,הלף,ולף,זלף,חלף,טלף,ילף,כלף,ללף,מלף,נלף,סלף,עלף,פלף,צלף,קלף,רלף,שלף,תלף
281,אלץ,בלץ,גלץ,דלץ,הלץ,ולץ,זלץ,חלץ,טלץ,ילץ,כלץ,ללץ,מלץ,נלץ,סלץ,עלץ,פלץ,צלץ,קלץ,רלץ,שלץ,תלץ
282,אלק,בלק,גלק,דלק,הלק,ולק,זלק,חלק,טלק,ילק,כלק,ללק,מלק,נלק,סלק,עלק,פלק,צלק,קלק,רלק,שלק,תלק
283,אלר,בלר,גלר,דלר,הלר,ולר,זלר,חלר,טלר,ילר,כלר,ללר,מלר,נלר,סלר,עלר,פלר,צלר,קלר,רלר,שלר,תלר
284,אלש,בלש,גלש,דלש,הלש,ולש,זלש,חלש,טלש,ילש,כלש,ללש,מלש,נלש,סלש,עלש,פלש,צלש,קלש,רלש,שלש,תלש
285,אלת,בלת,גלת,דלת,הלת,ולת,זלת,חלת,טלת,ילת,כלת,ללת,מלת,נלת,סלת,עלת,פלת,צלת,קלת,רלת,שלת,תלת
286,אמא,במא,גמא,דמא,המא,ומא,זמא,חמא,טמא,ימא,כמא,למא,ממא,נמא,סמא,עמא,פמא,צמא,קמא,רמא,שמא,תמא
287,אמב,במב,גמב,דמב,המב,ומב,זמב,חמב,טמב,ימב,כמב,למב,ממב,נמב,סמב,עמב,פמב,צמב,קמב,רמב,שמב,תמב
288,אמג,במג,גמג,דמג,המג,ומג,זמג,חמג,טמג,ימג,כמג,למג,ממג,נמג,סמג,עמג,פמג,צמג,קמג,רמג,שמג,תמג
289,אמד,במד,גמד,דמד,המד,ומד,זמד,חמד,טמד,ימד,כמד,למד,ממד,נמד,סמד,עמד,פמד,צמד,קמד,רמד,שמד,תמד
290,אמה,במה,גמה,דמה,המה,ומה,זמה,חמה,טמה,ימה,כמה,למה,ממה,נמה,סמה,עמה,פמה,צמה,קמה,רמה,שמה,תמה
291,אמו,במו,גמו,דמו,המו,ומו,זמו,חמו,טמו,ימו,כמו,למו,ממו,נמו,סמו,עמו,פמו,צמו,קמו,רמו,שמו,תמו
292,אמז,במז,גמז,דמז,המז,ומז,זמז,חמז,טמז,ימז,כמז,למז,ממז,נמז,סמז,עמז,פמז,צמז,קמז,רמז,שמז,תמז
293,אמח,במח,גמח,דמח,המח,ומח,זמח,חמח,טמח,ימח,כמח,למח,ממח,נמח,סמח,עמח,פמח,צמח,קמח,רמח,שמח,תמח
294,אמט,במט,גמט,דמט,המט,ומט,זמט,חמט,טמט,ימט,כמט,למט,ממט,נמט,סמט,עמט,פמט,צמט,קמט,רמט,שמט,תמט
295,אמי,במי,גמי,דמי,המי,ומי,זמי,חמי,טמי,ימי,כמי,למי,ממי,נמי,סמי,עמי,פמי,צמי,קמי,רמי,שמי,תמי
296,אמך,במך,גמך,דמך,המך,ומך,זמך,חמך,טמך,ימך,כמך,למך,ממך,נמך,סמך,עמך,פמך,צמך,קמך,רמך,שמך,תמך
297,אמל,במל,גמל,דמל,המל,ומל,זמל,חמל,טמל,ימל,כמל,למל,ממל,נמל,סמל,עמל,פמל,צמל,קמל,רמל,שמל,תמל
298,אמם,במם,גמם,דמם,המם,ומם,זמם,חמם,טמם,ימם,כמם,למם,ממם,נמם,סמם,עמם,פמם,צמם,קמם,רמם,שמם,תמם
299,אמן,במן,גמן,דמן,המן,ומן,זמן,חמן,טמן,ימן,כמן,למן,ממן,נמן,סמן,עמן,פמן,צמן,קמן,רמן,שמן,תמן
300,אמס,במס,גמס,דמס,המס,ומס,זמס,חמס,טמס,ימס,כמס,למס,ממס,נמס,סמס,עמס,פמס,צמס,קמס,רמס,שמס,תמס
301,אמע,במע,גמע,דמע,המע,ומע,זמע,חמע,טמע,ימע,כמע,למע,ממע,נמע,סמע,עמע,פמע,צמע,קמע,רמע,שמע,תמע
302,אמף,במף,גמף,דמף,המף,ומף,זמף,חמף,טמף,ימף,כמף,למף,ממף,נמף,סמף,עמף,פמף,צמף,קמף,רמף,שמף,תמף
303,אמץ,במץ,גמץ,דמץ,המץ,ומץ,זמץ,חמץ,טמץ,ימץ,כמץ,למץ,ממץ,נמץ,סמץ,עמץ,פמץ,צמץ,קמץ,רמץ,שמץ,תמץ
304,אמק,במק,גמק,דמק,המק,ומק,זמק,חמק,טמק,ימק,כמק,למק,ממק,נמק,סמק,עמק,פמק,צמק,קמק,רמק,שמק,תמק
305,אמר,במר,גמר,דמר,המר,ומר,זמר,חמר,טמר,ימר,כמר,למר,ממר,נמר,סמר,עמר,פמר,צמר,קמר,רמר,שמר,תמר
306,אמש,במש,גמש,דמש,המש,ומש,זמש,חמש,טמש,ימש,כמש,למש,ממש,נמש,סמש,עמש,פמש,צמש,קמש,רמש,שמש,תמש
307,אמת,במת,גמת,דמת,המת,ומת,זמת,חמת,טמת,ימת,כמת,למת,ממת,נמת,סמת,עמת,פמת,צמת,קמת,רמת,שמת,תמת
308,אנא,בנא,גנא,דנא,הנא,ונא,זנא,חנא,טנא,ינא,כנא,לנא,מנא,ננא,סנא,ענא,פנא,צנא,קנא,רנא,שנא,תנא
309,אנב,בנב,גנב,דנב,הנב,ונב,זנב,חנב,טנב,ינב,כנב,לנב,מנב,ננב,סנב,ענב,פנב,צנב,קנב,רנב,שנב,תנב
310,אנג,בנג,גנג,דנג,הנג,ונג,זנג,חנג,טנג,ינג,כנג,לנג,מנג,ננג,סנג,ענג,פנג,צנג,קנג,רנג,שנג,תנג
311,אנד,בנד,גנד,דנד,הנד,ונד,זנד,חנד,טנד,ינד,כנד,לנד,מנד,ננד,סנד,ענד,פנד,צנד,קנד,רנד,שנד,תנד
312,אנה,בנה,גנה,דנה,הנה,ונה,זנה,חנה,טנה,ינה,כנה,לנה,מנה,ננה,סנה,ענה,פנה,צנה,קנה,רנה,שנה,תנה
313,אנו,בנו,גנו,דנו,הנו,ונו,זנו,חנו,טנו,ינו,כנו,לנו,מנו,ננו,סנו,ענו,פנו,צנו,קנו,רנו,שנו,תנו
314,אנז,בנז,גנז,דנז,הנז,ונז,זנז,חנז,טנז,ינז,כנז,לנז,מנז,ננז,סנז,ענז,פנז,צנז,קנז,רנז,שנז,תנז
315,אנח,בנח,גנח,דנח,הנח,ונח,זנח,חנח,טנח,ינח,כנח,לנח,מנח,ננח,סנח,ענח,פנח,צנח,קנח,רנח,שנח,תנח
316,אנט,בנט,גנט,דנט,הנט,ונט,זנט,חנט,טנט,ינט,כנט,לנט,מנט,ננט,סנט,ענט,פנט,צנט,קנט,רנט,שנט,תנט
317,אני,בני,גני,דני,הני,וני,זני,חני,טני,יני,כני,לני,מני,נני,סני,עני,פני,צני,קני,רני,שני,תני
318,אנך,בנך,גנך,דנך,הנך,ונך,זנך,חנך,טנך,ינך,כנך,לנך,מנך,ננך,סנך,ענך,פנך,צנך,קנך,רנך,שנך,תנך
319,אנל,בנל,גנל,דנל,הנל,ונל,זנל,חנל,טנל,ינל,כנל,לנל,מנל,ננל,סנל,ענל,פנל,צנל,קנל,רנל,שנל,תנל
320,אנם,בנם,גנם,דנם,הנם,ונם,זנם,חנם,טנם,ינם,כנם,לנם,מנם,ננם,סנם,ענם,פנם,צנם,קנם,רנם,שנם,תנם
321,אנן,בנן,גנן,דנן,הנן,ונן,זנן,חנן,טנן,ינן,כנן,לנן,מנן,ננן,סנן,ענן,פנן,צנן,קנן,רנן,שנן,תנן
322,אנס,בנס,גנס,דנס,הנס,ונס,זנס,חנס,טנס,ינס,כנס,לנס,מנס,ננס,סנס,ענס,פנס,צנס,קנס,רנס,שנס,תנס
323,אנע,בנע,גנע,דנע,הנע,ונע,זנע,חנע,טנע,ינע,כנע,לנע,מנע,ננע,סנע,ענע,פנע,צנע,קנע,רנע,שנע,תנע
324,אנף,בנף,גנף,דנף,הנף,ונף,זנף,חנף,טנף,ינף,כנף,לנף,מנף,ננף,סנף,ענף,פנף,צנף,קנף,רנף,שנף,תנף
325,אנץ,בנץ,גנץ,דנץ,הנץ,ונץ,זנץ,חנץ,טנץ,ינץ,כנץ,לנץ,מנץ,ננץ,סנץ,ענץ,פנץ,צנץ,קנץ,רנץ,שנץ,תנץ
326,אנק,בנק,גנק,דנק,הנק,ונק,זנק,חנק,טנק,ינק,כנק,לנק,מנק,ננק,סנק,ענק,פנק,צנק,קנק,רנק,שנק,תנק
327,אנר,בנר,גנר,דנר,הנר,ונר,זנר,חנר,טנר,ינר,כנר,לנר,מנר,ננר,סנר,ענר,פנר,צנר,קנר,רנר,שנר,תנר
328,אנש,בנש,גנש,דנש,הנש,ונש,זנש,חנש,טנש,ינש,כנש,לנש,מנש,ננש,סנש,ענש,פנש,צנש,קנש,רנש,שנש,תנש
329,אנת,בנת,גנת,דנת,הנת,ונת,זנת,חנת,טנת,ינת,כנת,לנת,מנת,ננת,סנת,ענת,פנת,צנת,קנת,רנת,שנת,תנת
330,אסא,בסא,גסא,דסא,הסא,וסא,זסא,חסא,טסא,יסא,כסא,לסא,מסא,נסא,ססא,עסא,פסא,צסא,קסא,רסא,שסא,תסא
331,אסב,בסב,גסב,דסב,הסב,וסב,זסב,חסב,טסב,יסב,כסב,לסב,מסב,נסב,ססב,עסב,פסב,צסב,קסב,רסב,שסב,תסב
332,אסג,בסג,גסג,דסג,הסג,וסג,זסג,חסג,טסג,יסג,כסג,לסג,מסג,נסג,ססג,עסג,פסג,צסג,קסג,רסג,שסג,תסג
333,אסד,בסד,גסד,דסד,הסד,וסד,זסד,חסד,טסד,יסד,כסד,לסד,מסד,נסד,ססד,עסד,פסד,צסד,קסד,רסד,שסד,תסד
334,אסה,בסה,גסה,דסה,הסה,וסה,זסה,חסה,טסה,יסה,כסה,לסה,מסה,נסה,ססה,עסה,פסה,צסה,קסה,רסה,שסה,תסה
335,אסו,בסו,גסו,דסו,הסו,וסו,זסו,חסו,טסו,יסו,כסו,לסו,מסו,נסו,ססו,עסו,פסו,צסו,קסו,רסו,שסו,תסו
336,אסז,בסז,גסז,דסז,הסז,וסז,זסז,חסז,טסז,יסז,כסז,לסז,מסז,נסז,ססז,עסז,פסז,צסז,קסז,רסז,שסז,תסז
337,אסח,בסח,גסח,דסח,הסח,וסח,זסח,חסח,טסח,יסח,כסח,לסח,מסח,נסח,ססח,עסח,פסח,צסח,קסח,רסח,שסח,תסח
338,אסט,בסט,גסט,דסט,הסט,וסט,זסט,חסט,טסט,יסט,כסט,לסט,מסט,נסט,ססט,עסט,פסט,צסט,קסט,רסט,שסט,תסט
339,אסי,בסי,גסי,דסי,הסי,וסי,זסי,חסי,טסי,יסי,כסי,לסי,מסי,נסי,ססי,עסי,פסי,צסי,קסי,רסי,שסי,תסי
340,אסך,בסך,גסך,דסך,הסך,וסך,זסך,חסך,טסך,יסך,כסך,לסך,מסך,נסך,ססך,עסך,פסך,צסך,קסך,רסך,שסך,תסך
341,אסל,בסל,גסל,דסל,הסל,וסל,זסל,חסל,טסל,יסל,כסל,לסל,מסל,נסל,ססל,עסל,פסל,צסל,קסל,רסל,שסל,תסל
342,אסם,בסם,גסם,דסם,הסם,וסם,זסם,חסם,טסם,יסם,כסם,לסם,מסם,נסם,ססם,עסם,פסם,צסם,קסם,רסם,שסם,תסם
343,אסן,בסן,גסן,דסן,הסן,וסן,זסן,חסן,טסן,יסן,כסן,לסן,מסן,נסן,ססן,עסן,פסן,צסן,קסן,רסן,שסן,תסן
344,אסס,בסס,גסס,דסס,הסס,וסס,זסס,חסס,טסס,יסס,כסס,לסס,מסס,נסס,ססס,עסס,פסס,צסס,קסס,רסס,שסס,תסס
345,אסע,בסע,גסע,דסע,הסע,וסע,זסע,חסע,טסע,יסע,כסע,לסע,מסע,נסע,ססע,עסע,פסע,צסע,קסע,רסע,שסע,תסע
346,אסף,בסף,גסף,דסף,הסף,וסף,זסף,חסף,טסף,יסף,כסף,לסף,מסף,נסף,ססף,עסף,פסף,צסף,קסף,רסף,שסף,תסף
347,אסץ,בסץ,גסץ,דסץ,הסץ,וסץ,זסץ,חסץ,טסץ,יסץ,כסץ,לסץ,מסץ,נסץ,ססץ,עסץ,פסץ,צסץ,קסץ,רסץ,שסץ,תסץ
348,אסק,בסק,גסק,דסק,הסק,וסק,זסק,חסק,טסק,יסק,כסק,לסק,מסק,נסק,ססק,עסק,פסק,צסק,קסק,רסק,שסק,תסק
349,אסר,בסר,גסר,דסר,הסר,וסר,זסר,חסר,טסר,יסר,כסר,לסר,מסר,נסר,ססר,עסר,פסר,צסר,קסר,רסר,שסר,תסר
350,אסש,בסש,גסש,דסש,הסש,וסש,זסש,חסש,טסש,יסש,כסש,לסש,מסש,נסש,ססש,עסש,פסש,צסש,קסש,רסש,שסש,תסש
351,אסת,בסת,גסת,דסת,הסת,וסת,זסת,חסת,טסת,יסת,כסת,לסת,מסת,נסת,ססת,עסת,פסת,צסת,קסת,רסת,שסת,תסת
352,אעא,בעא,געא,דעא,העא,ועא,זעא,חעא,טעא,יעא,כעא,לעא,מעא,נעא,סעא,עעא,פעא,צעא,קעא,רעא,שעא,תעא
353,אעב,בעב,געב,דעב,העב,ועב,זעב,חעב,טעב,יעב,כעב,לעב,מעב,נעב,סעב,עעב,פעב,צעב,קעב,רעב,שעב,תעב
354,אעג,בעג,געג,דעג,העג,ועג,זעג,חעג,טעג,יעג,כעג,לעג,מעג,נעג,סעג,עעג,פעג,צעג,קעג,רעג,שעג,תעג
355,אעד,בעד,געד,דעד,העד,ועד,זעד,חעד,טעד,יעד,כעד,לעד,מעד,נעד,סעד,עעד,פעד,צעד,קעד,רעד,שעד,תעד
356,אעה,בעה,געה,דעה,העה,ועה,זעה,חעה,טעה,יעה,כעה,לעה,מעה,נעה,סעה,עעה,פעה,צעה,קעה,רעה,שעה,תעה
357,אעו,בעו,געו,דעו,העו,ועו,זעו,חעו,טעו,יעו,כעו,לעו,מעו,נעו,סעו,עעו,פעו,צעו,קעו,רעו,שעו,תעו
358,אעז,בעז,געז,דעז,העז,ועז,זעז,חעז,טעז,יעז,כעז,לעז,מעז,נעז,סעז,עעז,פעז,צעז,קעז,רעז,שעז,תעז
359,אעח,בעח,געח,דעח,העח,ועח,זעח,חעח,טעח,יעח,כעח,לעח,מעח,נעח,סעח,עעח,פעח,צעח,קעח,רעח,שעח,תעח
360,אעט,בעט,געט,דעט,העט,ועט,זעט,חעט,טעט,יעט,כעט,לעט,מעט,נעט,סעט,עעט,פעט,צעט,קעט,רעט,שעט,תעט
361,אעי,בעי,געי,דעי,העי,ועי,זעי,חעי,טעי,יעי,כעי,לעי,מעי,נעי,סעי,עעי,פעי,צעי,קעי,רעי,שעי,תעי
362,אעך,בעך,געך,דעך,העך,ועך,זעך,חעך,טעך,יעך,כעך,לעך,מעך,נעך,סעך,עעך,פעך,צעך,קעך,רעך,שעך,תעך
363,אעל,בעל,געל,דעל,העל,ועל,זעל,חעל,טעל,יעל,כעל,לעל,מעל,נעל,סעל,עעל,פעל,צעל,קעל,רעל,שעל,תעל
364,אעם,בעם,געם,דעם,העם,ועם,זעם,חעם,טעם,יעם,כעם,לעם,מעם,נעם,סעם,עעם,פעם,צעם,קעם,רעם,שעם,תעם
365,אען,בען,גען,דען,הען,וען,זען,חען,טען,יען,כען,לען,מען,נען,סען,עען,פען,צען,קען,רען,שען,תען
366,אעס,בעס,געס,דעס,העס,ועס,זעס,חעס,טעס,יעס,כעס,לעס,מעס,נעס,סעס,עעס,פעס,צעס,קעס,רעס,שעס,תעס
367,אעע,בעע,געע,דעע,העע,ועע,זעע,חעע,טעע,יעע,כעע,לעע,מעע,נעע,סעע,עעע,פעע,צעע,קעע,רעע,שעע,תעע
368,אעף,בעף,געף,דעף,העף,ועף,זעף,חעף,טעף,יעף,כעף,לעף,מעף,נעף,סעף,עעף,פעף,צעף,קעף,רעף,שעף,תעף
369,אעץ,בעץ,געץ,דעץ,העץ,ועץ,זעץ,חעץ,טעץ,יעץ,כעץ,לעץ,מעץ,נעץ,סעץ,עעץ,פעץ,צעץ,קעץ,רעץ,שעץ,תעץ
370,אעק,בעק,געק,דעק,העק,ועק,זעק,חעק,טעק,יעק,כעק,לעק,מעק,נעק,סעק,עעק,פעק,צעק,קעק,רעק,שעק,תעק
371,אער,בער,גער,דער,הער,וער,זער,חער,טער,יער,כער,לער,מער,נער,סער,עער,פער,צער,קער,רער,שער,תער
372,אעש,בעש,געש,דעש,העש,ועש,זעש,חעש,טעש,יעש,כעש,לעש,מעש,נעש,סעש,עעש,פעש,צעש,קעש,רעש,שעש,תעש
373,אעת,בעת,געת,דעת,העת,ועת,זעת,חעת,טעת,יעת,כעת,לעת,מעת,נעת,סעת,עעת,פעת,צעת,קעת,רעת,שעת,תעת
374,אפא,בפא,גפא,דפא,הפא,ופא,זפא,חפא,טפא,יפא,כפא,לפא,מפא,נפא,ספא,עפא,פפא,צפא,קפא,רפא,שפא,תפא
375,אפב,בפב,גפב,דפב,הפב,ופב,זפב,חפב,טפב,יפב,כפב,לפב,מפב,נפב,ספב,עפב,פפב,צפב,קפב,רפב,שפב,תפב
376,אפג,בפג,גפג,דפג,הפג,ופג,זפג,חפג,טפג,יפג,כפג,לפג,מפג,נפג,ספג,עפג,פפג,צפג,קפג,רפג,שפג,תפג
377,אפד,בפד,גפד,דפד,הפד,ופד,זפד,חפד,טפד,יפד,כפד,לפד,מפד,נפד,ספד,עפד,פפד,צפד,קפד,רפד,שפד,תפד
378,אפה,בפה,גפה,דפה,הפה,ופה,זפה,חפה,טפה,יפה,כפה,לפה,מפה,נפה,ספה,עפה,פפה,צפה,קפה,רפה,שפה,תפה
379,אפו,בפו,גפו,דפו,הפו,ופו,זפו,חפו,טפו,יפו,כפו,לפו,מפו,נפו,ספו,עפו,פפו,צפו,קפו,רפו,שפו,תפו
380,אפז,בפז,גפז,דפז,הפז,ופז,זפז,חפז,טפז,יפז,כפז,לפז,מפז,נפז,ספז,עפז,פפז,צפז,קפז,רפז,שפז,תפז
381,אפח,בפח,גפח,דפח,הפח,ופח,זפח,חפח,טפח,יפח,כפח,לפח,מפח,נפח,ספח,עפח,פפח,צפח,קפח,רפח,שפח,תפח
382,אפט,בפט,גפט,דפט,הפט,ופט,זפט,חפט,טפט,יפט,כפט,לפט,מפט,נפט,ספט,עפט,פפט,צפט,קפט,רפט,שפט,תפט
383,אפי,בפי,גפי,דפי,הפי,ופי,זפי,חפי,טפי,יפי,כפי,לפי,מפי,נפי,ספי,עפי,פפי,צפי,קפי,רפי,שפי,תפי
384,אפך,בפך,גפך,דפך,הפך,ופך,זפך,חפך,טפך,יפך,כפך,לפך,מפך,נפך,ספך,עפך,פפך,צפך,קפך,רפך,שפך,תפך
385,אפל,בפל,גפל,דפל,הפל,ופל,זפל,חפל,טפל,יפל,כפל,לפל,מפל,נפל,ספל,עפל,פפל,צפל,קפל,רפל,שפל,תפל
386,אפם,בפם,גפם,דפם,הפם,ופם,זפם,חפם,טפם,יפם,כפם,לפם,מפם,נפם,ספם,עפם,פפם,צפם,קפם,רפם,שפם,תפם
387,אפן,בפן,גפן,דפן,הפן,ופן,זפן,חפן,טפן,יפן,כפן,לפן,מפן,נפן,ספן,עפן,פפן,צפן,קפן,רפן,שפן,תפן
388,אפס,בפס,גפס,דפס,הפס,ופס,זפס,חפס,טפס,יפס,כפס,לפס,מפס,נפס,ספס,עפס,פפס,צפס,קפס,רפס,שפס,תפס
389,אפע,בפע,גפע,דפע,הפע,ופע,זפע,חפע,טפע,יפע,כפע,לפע,מפע,נפע,ספע,עפע,פפע,צפע,קפע,רפע,שפע,תפע
390,אפף,בפף,גפף,דפף,הפף,ופף,זפף,חפף,טפף,יפף,כפף,לפף,מפף,נפף,ספף,עפף,פפף,צפף,קפף,רפף,שפף,תפף
391,אפץ,בפץ,גפץ,דפץ,הפץ,ופץ,זפץ,חפץ,טפץ,יפץ,כפץ,לפץ,מפץ,נפץ,ספץ,עפץ,פפץ,צפץ,קפץ,רפץ,שפץ,תפץ
392,אפק,בפק,גפק,דפק,הפק,ופק,זפק,חפק,טפק,יפק,כפק,לפק,מפק,נפק,ספק,עפק,פפק,צפק,קפק,רפק,שפק,תפק
393,אפר,בפר,גפר,דפר,הפר,ופר,זפר,חפר,טפר,יפר,כפר,לפר,מפר,נפר,ספר,עפר,פפר,צפר,קפר,רפר,שפר,תפר
394,אפש,בפש,גפש,דפש,הפש,ופש,זפש,חפש,טפש,יפש,כפש,לפש,מפש,נפש,ספש,עפש,פפש,צפש,קפש,רפש,שפש,תפש
395,אפת,בפת,גפת,דפת,הפת,ופת,זפת,חפת,טפת,יפת,כפת,לפת,מפת,נפת,ספת,עפת,פפת,צפת,קפת,רפת,שפת,תפת
396,אצא,בצא,גצא,דצא,הצא,וצא,זצא,חצא,טצא,יצא,כצא,לצא,מצא,נצא,סצא,עצא,פצא,צצא,קצא,רצא,שצא,תצא
397,אצב,בצב,גצב,דצב,הצב,וצב,זצב,חצב,טצב,יצב,כצב,לצב,מצב,נצב,סצב,עצב,פצב,צצב,קצב,רצב,שצב,תצב
398,אצג,בצג,גצג,דצג,הצג,וצג,זצג,חצג,טצג,יצג,כצג,לצג,מצג,נצג,סצג,עצג,פצג,צצג,קצג,רצג,שצג,תצג
399,אצד,בצד,גצד,דצד,הצד,וצד,זצד,חצד,טצד,יצד,כצד,לצד,מצד,נצד,סצד,עצד,פצד,צצד,קצד,רצד,שצד,תצד
400,אצה,בצה,גצה,דצה,הצה,וצה,זצה,חצה,טצה,יצה,כצה,לצה,מצה,נצה,סצה,עצה,פצה,צצה,קצה,רצה,שצה,תצה
401,אצו,בצו,גצו,דצו,הצו,וצו,זצו,חצו,טצו,יצו,כצו,לצו,מצו,נצו,סצו,עצו,פצו,צצו,קצו,רצו,שצו,תצו
402,אצז,בצז,גצז,דצז,הצז,וצז,זצז,חצז,טצז,יצז,כצז,לצז,מצז,נצז,סצז,עצז,פצז,צצז,קצז,רצז,שצז,תצז
403,אצח,בצח,גצח,דצח,הצח,וצח,זצח,חצח,טצח,יצח,כצח,לצח,מצח,נצח,סצח,עצח,פצח,צצח,קצח,רצח,שצח,תצח
404,אצט,בצט,גצט,דצט,הצט,וצט,זצט,חצט,טצט,יצט,כצט,לצט,מצט,נצט,סצט,עצט,פצט,צצט,קצט,רצט,שצט,תצט
405,אצי,בצי,גצי,דצי,הצי,וצי,זצי,חצי,טצי,יצי,כצי,לצי,מצי,נצי,סצי,עצי,פצי,צצי,קצי,רצי,שצי,תצי
406,אצך,בצך,גצך,דצך,הצך,וצך,זצך,חצך,טצך,יצך,כצך,לצך,מצך,נצך,סצך,עצך,פצך,צצך,קצך,רצך,שצך,תצך
407,אצל,בצל,גצל,דצל,הצל,וצל,זצל,חצל,טצל,יצל,כצל,לצל,מצל,נצל,סצל,עצל,פצל,צצל,קצל,רצל,שצל,תצל
408,אצם,בצם,גצם,דצם,הצם,וצם,זצם,חצם,טצם,יצם,כצם,לצם,מצם,נצם,סצם,עצם,פצם,צצם,קצם,רצם,שצם,תצם
409,אצן,בצן,גצן,דצן,הצן,וצן,זצן,חצן,טצן,יצן,כצן,לצן,מצן,נצן,סצן,עצן,פצן,צצן,קצן,רצן,שצן,תצן
410,אצס,בצס,גצס,דצס,הצס,וצס,זצס,חצס,טצס,יצס,כצס,לצס,מצס,נצס,סצס,עצס,פצס,צצס,קצס,רצס,שצס,תצס
411,אצע,בצע,גצע,דצע,הצע,וצע,זצע,חצע,טצע,יצע,כצע,לצע,מצע,נצע,סצע,עצע,פצע,צצע,קצע,רצע,שצע,תצע
412,אצף,בצף,גצף,דצף,הצף,וצף,זצף,חצף,טצף,יצף,כצף,לצף,מצף,נצף,סצף,עצף,פצף,צצף,קצף,רצף,שצף,תצף
413,אצץ,בצץ,גצץ,דצץ,הצץ,וצץ,זצץ,חצץ,טצץ,יצץ,כצץ,לצץ,מצץ,נצץ,סצץ,עצץ,פצץ,צצץ,קצץ,רצץ,שצץ,תצץ
414,אצק,בצק,גצק,דצק,הצק,וצק,זצק,חצק,טצק,יצק,כצק,לצק,מצק,נצק,סצק,עצק,פצק,צצק,קצק,רצק,שצק,תצק
415,אצר,בצר,גצר,דצר,הצר,וצר,זצר,חצר,טצר,יצר,כצר,לצר,מצר,נצר,סצר,עצר,פצר,צצר,קצר,רצר,שצר,תצר
416,אצש,בצש,גצש,דצש,הצש,וצש,זצש,חצש,טצש,יצש,כצש,לצש,מצש,נצש,סצש,עצש,פצש,צצש,קצש,רצש,שצש,תצש
417,אצת,בצת,גצת,דצת,הצת,וצת,זצת,חצת,טצת,יצת,כצת,לצת,מצת,נצת,סצת,עצת,פצת,צצת,קצת,רצת,שצת,תצת
418,אקא,בקא,גקא,דקא,הקא,וקא,זקא,חקא,טקא,יקא,כקא,לקא,מקא,נקא,סקא,עקא,פקא,צקא,קקא,רקא,שקא,תקא
419,אקב,בקב,גקב,דקב,הקב,וקב,זקב,חקב,טקב,יקב,כקב,לקב,מקב,נקב,סקב,עקב,פקב,צקב,קקב,רקב,שקב,תקב
420,אקג,בקג,גקג,דקג,הקג,וקג,זקג,חקג,טקג,יקג,כקג,לקג,מקג,נקג,סקג,עקג,פקג,צקג,קקג,רקג,שקג,תקג
421,אקד,בקד,גקד,דקד,הקד,וקד,זקד,חקד,טקד,יקד,כקד,לקד,מקד,נקד,סקד,עקד,פקד,צקד,קקד,רקד,שקד,תקד
422,אקה,בקה,גקה,דקה,הקה,וקה,זקה,חקה,טקה,יקה,כקה,לקה,מקה,נקה,סקה,עקה,פקה,צקה,קקה,רקה,שקה,תקה
423,אקו,בקו,גקו,דקו,הקו,וקו,זקו,חקו,טקו,יקו,כקו,לקו,מקו,נקו,סקו,עקו,פקו,צקו,קקו,רקו,שקו,תקו
424,אקז,בקז,גקז,דקז,הקז,וקז,זקז,חקז,טקז,יקז,כקז,לקז,מקז,נקז,סקז,עקז,פקז,צקז,קקז,רקז,שקז,תקז
425,אקח,בקח,גקח,דקח,הקח,וקח,זקח,חקח,טקח,יקח,כקח,לקח,מקח,נקח,סקח,עקח,פקח,צקח,קקח,רקח,שקח,תקח
426,אקט,בקט,גקט,דקט,הקט,וקט,זקט,חקט,טקט,יקט,כקט,לקט,מקט,נקט,סקט,עקט,פקט,צקט,קקט,רקט,שקט,תקט
427,אקי,בקי,גקי,דקי,הקי,וקי,זקי,חקי,טקי,יקי,כקי,לקי,מקי,נקי,סקי,עקי,פקי,צקי,קקי,רקי,שקי,תקי
428,אקך,בקך,גקך,דקך,הקך,וקך,זקך,חקך,טקך,יקך,כקך,לקך,מקך,נקך,סקך,עקך,פקך,צקך,קקך,רקך,שקך,תקך
429,אקל,בקל,גקל,דקל,הקל,וקל,זקל,חקל,טקל,יקל,כקל,לקל,מקל,נקל,סקל,עקל,פקל,צקל,קקל,רקל,שקל,תקל
430,אקם,בקם,גקם,דקם,הקם,וקם,זקם,חקם,טקם,יקם,כקם,לקם,מקם,נקם,סקם,עקם,פקם,צקם,קקם,רקם,שקם,תקם
431,אקן,בקן,גקן,דקן,הקן,וקן,זקן,חקן,טקן,יקן,כקן,לקן,מקן,נקן,סקן,עקן,פקן,צקן,קקן,רקן,שקן,תקן
432,אקס,בקס,גקס,דקס,הקס,וקס,זקס,חקס,טקס,יקס,כקס,לקס,מקס,נקס,סקס,עקס,פקס,צקס,קקס,רקס,שקס,תקס
433,אקע,בקע,גקע,דקע,הקע,וקע,זקע,חקע,טקע,יקע,כקע,לקע,מקע,נקע,סקע,עקע,פקע,צקע,קקע,רקע,שקע,תקע
434,אקף,בקף,גקף,דקף,הקף,וקף,זקף,חקף,טקף,יקף,כקף,לקף,מקף,נקף,סקף,עקף,פקף,צקף,קקף,רקף,שקף,תקף
435,אקץ,בקץ,גקץ,דקץ,הקץ,וקץ,זקץ,חקץ,טקץ,יקץ,כקץ,לקץ,מקץ,נקץ,סקץ,עקץ,פקץ,צקץ,קקץ,רקץ,שקץ,תקץ
436,אקק,בקק,גקק,דקק,הקק,וקק,זקק,חקק,טקק,יקק,כקק,לקק,מקק,נקק,סקק,עקק,פקק,צקק,קקק,רקק,שקק,תקק
437,אקר,בקר,גקר,דקר,הקר,וקר,זקר,חקר,טקר,יקר,כקר,לקר,מקר,נקר,סקר,עקר,פקר,צקר,קקר,רקר,שקר,תקר
438,אקש,בקש,גקש,דקש,הקש,וקש,זקש,חקש,טקש,יקש,כקש,לקש,מקש,נקש,סקש,עקש,פקש,צקש,קקש,רקש,שקש,תקש
439,אקת,בקת,גקת,דקת,הקת,וקת,זקת,חקת,טקת,יקת,כקת,לקת,מקת,נקת,סקת,עקת,פקת,צקת,קקת,רקת,שקת,תקת
440,ארא,ברא,גרא,דרא,הרא,ורא,זרא,חרא,טרא,ירא,כרא,לרא,מרא,נרא,סרא,ערא,פרא,צרא,קרא,ררא,שרא,תרא
441,ארב,ברב,גרב,דרב,הרב,ורב,זרב,חרב,טרב,ירב,כרב,לרב,מרב,נרב,סרב,ערב,פרב,צרב,קרב,ררב,שרב,תרב
442,ארג,ברג,גרג,דרג,הרג,ורג,זרג,חרג,טרג,ירג,כרג,לרג,מרג,נרג,סרג,ערג,פרג,צרג,קרג,ררג,שרג,תרג
443,ארד,ברד,גרד,דרד,הרד,ורד,זרד,חרד,טרד,ירד,כרד,לרד,מרד,נרד,סרד,ערד,פרד,צרד,קרד,ררד,שרד,תרד
444,ארה,ברה,גרה,דרה,הרה,ורה,זרה,חרה,טרה,ירה,כרה,לרה,מרה,נרה,סרה,ערה,פרה,צרה,קרה,ררה,שרה,תרה
445,ארו,ברו,גרו,דרו,הרו,ורו,זרו,חרו,טרו,ירו,כרו,לרו,מרו,נרו,סרו,ערו,פרו,צרו,קרו,ררו,שרו,תרו
446,ארז,ברז,גרז,דרז,הרז,ורז,זרז,חרז,טרז,ירז,כרז,לרז,מרז,נרז,סרז,ערז,פרז,צרז,קרז,ררז,שרז,תרז
447,ארח,ברח,גרח,דרח,הרח,ורח,זרח,חרח,טרח,ירח,כרח,לרח,מרח,נרח,סרח,ערח,פרח,צרח,קרח,ררח,שרח,תרח
448,ארט,ברט,גרט,דרט,הרט,ורט,זרט,חרט,טרט,ירט,כרט,לרט,מרט,נרט,סרט,ערט,פרט,צרט,קרט,ררט,שרט,תרט
449,ארי,ברי,גרי,דרי,הרי,ורי,זרי,חרי,טרי,ירי,כרי,לרי,מרי,נרי,סרי,ערי,פרי,צרי,קרי,ררי,שרי,תרי
450,ארך,ברך,גרך,דרך,הרך,ורך,זרך,חרך,טרך,ירך,כרך,לרך,מרך,נרך,סרך,ערך,פרך,צרך,קרך,ררך,שרך,תרך
451,ארל,ברל,גרל,דרל,הרל,ורל,זרל,חרל,טרל,ירל,כרל,לרל,מרל,נרל,סרל,ערל,פרל,צרל,קרל,ררל,שרל,תרל
452,ארם,ברם,גרם,דרם,הרם,ורם,זרם,חרם,טרם,ירם,כרם,לרם,מרם,נרם,סרם,ערם,פרם,צרם,קרם,ררם,שרם,תרם
453,ארן,ברן,גרן,דרן,הרן,ורן,זרן,חרן,טרן,ירן,כרן,לרן,מרן,נרן,סרן,ערן,פרן,צרן,קרן,ררן,שרן,תרן
454,ארס,ברס,גרס,דרס,הרס,ורס,זרס,חרס,טרס,ירס,כרס,לרס,מרס,נרס,סרס,ערס,פרס,צרס,קרס,ררס,שרס,תרס
455,ארע,ברע,גרע,דרע,הרע,ורע,זרע,חרע,טרע,ירע,כרע,לרע,מרע,נרע,סרע,ערע,פרע,צרע,קרע,ררע,שרע,תרע
456,ארף,ברף,גרף,דרף,הרף,ורף,זרף,חרף,טרף,ירף,כרף,לרף,מרף,נרף,סרף,ערף,פרף,צרף,קרף,ררף,שרף,תרף
457,ארץ,ברץ,גרץ,דרץ,הרץ,ורץ,זרץ,חרץ,טרץ,ירץ,כרץ,לרץ,מרץ,נרץ,סרץ,ערץ,פרץ,צרץ,קרץ,ררץ,שרץ,תרץ
458,ארק,ברק,גרק,דרק,הרק,ורק,זרק,חרק,טרק,ירק,כרק,לרק,מרק,נרק,סרק,ערק,פרק,צרק,קרק,ררק,שרק,תרק
459,ארר,ברר,גרר,דרר,הרר,ורר,זרר,חרר,טרר,ירר,כרר,לרר,מרר,נרר,סרר,ערר,פרר,צרר,קרר,ררר,שרר,תרר
460,ארש,ברש,גרש,דרש,הרש,ורש,זרש,חרש,טרש,ירש,כרש,לרש,מרש,נרש,סרש,ערש,פרש,צרש,קרש,ררש,שרש,תרש
461,ארת,ברת,גרת,דרת,הרת,ורת,זרת,חרת,טרת,ירת,כרת,לרת,מרת,נרת,סרת,ערת,פרת,צרת,קרת,ררת,שרת,תרת
462,אשא,בשא,גשא,דשא,השא,ושא,זשא,חשא,טשא,ישא,כשא,לשא,משא,נשא,סשא,עשא,פשא,צשא,קשא,רשא,ששא,תשא
463,אשב,בשב,גשב,דשב,השב,ושב,זשב,חשב,טשב,ישב,כשב,לשב,משב,נשב,סשב,עשב,פשב,צשב,קשב,רשב,ששב,תשב
464,אשג,בשג,גשג,דשג,השג,ושג,זשג,חשג,טשג,ישג,כשג,לשג,משג,נשג,סשג,עשג,פשג,צשג,קשג,רשג,ששג,תשג
465,אשד,בשד,גשד,דשד,השד,ושד,זשד,חשד,טשד,ישד,כשד,לשד,משד,נשד,סשד,עשד,פשד,צשד,קשד,רשד,ששד,תשד
466,אשה,בשה,גשה,דשה,השה,ושה,זשה,חשה,טשה,ישה,כשה,לשה,משה,נשה,סשה,עשה,פשה,צשה,קשה,רשה,ששה,תשה
467,אשו,בשו,גשו,דשו,השו,ושו,זשו,חשו,טשו,ישו,כשו,לשו,משו,נשו,סשו,עשו,פשו,צשו,קשו,רשו,ששו,תשו
468,אשז,בשז,גשז,דשז,השז,ושז,זשז,חשז,טשז,ישז,כשז,לשז,משז,נשז,סשז,עשז,פשז,צשז,קשז,רשז,ששז,תשז
469,אשח,בשח,גשח,דשח,השח,ושח,זשח,חשח,טשח,ישח,כשח,לשח,משח,נשח,סשח,עשח,פשח,צשח,קשח,רשח,ששח,תשח
470,אשט,בשט,גשט,דשט,השט,ושט,זשט,חשט,טשט,ישט,כשט,לשט,משט,נשט,סשט,עשט,פשט,צשט,קשט,רשט,ששט,תשט
471,אשי,בשי,גשי,דשי,השי,ושי,זשי,חשי,טשי,ישי,כשי,לשי,משי,נשי,סשי,עשי,פשי,צשי,קשי,רשי,ששי,תשי
472,אשך,בשך,גשך,דשך,השך,ושך,זשך,חשך,טשך,ישך,כשך,לשך,משך,נשך,סשך,עשך,פשך,צשך,קשך,רשך,ששך,תשך
473,אשל,בשל,גשל,דשל,השל,ושל,זשל,חשל,טשל,ישל,כשל,לשל,משל,נשל,סשל,עשל,פשל,צשל,קשל,רשל,ששל,תשל
474,אשם,בשם,גשם,דשם,השם,ושם,זשם,חשם,טשם,ישם,כשם,לשם,משם,נשם,סשם,עשם,פשם,צשם,קשם,רשם,ששם,תשם
475,אשן,בשן,גשן,דשן,השן,ושן,זשן,חשן,טשן,ישן,כשן,לשן,משן,נשן,סשן,עשן,פשן,צשן,קשן,רשן,ששן,תשן
476,אשס,בשס,גשס,דשס,השס,ושס,זשס,חשס,טשס,ישס,כשס,לשס,משס,נשס,סשס,עשס,פשס,צשס,קשס,רשס,ששס,תשס
477,אשע,בשע,גשע,דשע,השע,ושע,זשע,חשע,טשע,ישע,כשע,לשע,משע,נשע,סשע,עשע,פשע,צשע,קשע,רשע,ששע,תשע
478,אשף,בשף,גשף,דשף,השף,ושף,זשף,חשף,טשף,ישף,כשף,לשף,משף,נשף,סשף,עשף,פשף,צשף,קשף,רשף,ששף,תשף
479,אשץ,בשץ,גשץ,דשץ,השץ,ושץ,זשץ,חשץ,טשץ,ישץ,כשץ,לשץ,משץ,נשץ,סשץ,עשץ,פשץ,צשץ,קשץ,רשץ,ששץ,תשץ
480,אשק,בשק,גשק,דשק,השק,ושק,זשק,חשק,טשק,ישק,כשק,לשק,משק,נשק,סשק,עשק,פשק,צשק,קשק,רשק,ששק,תשק
481,אשר,בשר,גשר,דשר,השר,ושר,זשר,חשר,טשר,ישר,כשר,לשר,משר,נשר,סשר,עשר,פשר,צשר,קשר,רשר,ששר,תשר
482,אשש,בשש,גשש,דשש,השש,ושש,זשש,חשש,טשש,ישש,כשש,לשש,משש,נשש,סשש,עשש,פשש,צשש,קשש,רשש,ששש,תשש
483,אשת,בשת,גשת,דשת,השת,ושת,זשת,חשת,טשת,ישת,כשת,לשת,משת,נשת,סשת,עשת,פשת,צשת,קשת,רשת,ששת,תשת
484,אתא,בתא,גתא,דתא,התא,ותא,זתא,חתא,טתא,יתא,כתא,לתא,מתא,נתא,סתא,עתא,פתא,צתא,קתא,רתא,שתא,תתא
485,אתב,בתב,גתב,דתב,התב,ותב,זתב,חתב,טתב,יתב,כתב,לתב,מתב,נתב,סתב,עתב,פתב,צתב,קתב,רתב,שתב,תתב
486,אתג,בתג,גתג,דתג,התג,ותג,זתג,חתג,טתג,יתג,כתג,לתג,מתג,נתג,סתג,עתג,פתג,צתג,קתג,רתג,שתג,תתג
487,אתד,בתד,גתד,דתד,התד,ותד,זתד,חתד,טתד,יתד,כתד,לתד,מתד,נתד,סתד,עתד,פתד,צתד,קתד,רתד,שתד,תתד
488,אתה,בתה,גתה,דתה,התה,ותה,זתה,חתה,טתה,יתה,כתה,לתה,מתה,נתה,סתה,עתה,פתה,צתה,קתה,רתה,שתה,תתה
489,אתו,בתו,גתו,דתו,התו,ותו,זתו,חתו,טתו,יתו,כתו,לתו,מתו,נתו,סתו,עתו,פתו,צתו,קתו,רתו,שתו,תתו
490,אתז,בתז,גתז,דתז,התז,ותז,זתז,חתז,טתז,יתז,כתז,לתז,מתז,נתז,סתז,עתז,פתז,צתז,קתז,רתז,שתז,תתז
491,אתח,בתח,גתח,דתח,התח,ותח,זתח,חתח,טתח,יתח,כתח,לתח,מתח,נתח,סתח,עתח,פתח,צתח,קתח,רתח,שתח,תתח
492,אתט,בתט,גתט,דתט,התט,ותט,זתט,חתט,טתט,יתט,כתט,לתט,מתט,נתט,סתט,עתט,פתט,צתט,קתט,רתט,שתט,תתט
493,אתי,בתי,גתי,דתי,התי,ותי,זתי,חתי,טתי,יתי,כתי,לתי,מתי,נתי,סתי,עתי,פתי,צתי,קתי,רתי,שתי,תתי
494,אתך,בתך,גתך,דתך,התך,ותך,זתך,חתך,טתך,יתך,כתך,לתך,מתך,נתך,סתך,עתך,פתך,צתך,קתך,רתך,שתך,תתך
495,אתל,בתל,גתל,דתל,התל,ותל,זתל,חתל,טתל,יתל,כתל,לתל,מתל,נתל,סתל,עתל,פתל,צתל,קתל,רתל,שתל,תתל
496,אתם,בתם,גתם,דתם,התם,ותם,זתם,חתם,טתם,יתם,כתם,לתם,מתם,נתם,סתם,עתם,פתם,צתם,קתם,רתם,שתם,תתם
497,אתן,בתן,גתן,דתן,התן,ותן,זתן,חתן,טתן,יתן,כתן,לתן,מתן,נתן,סתן,עתן,פתן,צתן,קתן,רתן,שתן,תתן
498,אתס,בתס,גתס,דתס,התס,ותס,זתס,חתס,טתס,יתס,כתס,לתס,מתס,נתס,סתס,עתס,פתס,צתס,קתס,רתס,שתס,תתס
499,אתע,בתע,גתע,דתע,התע,ותע,זתע,חתע,טתע,יתע,כתע,לתע,מתע,נתע,סתע,עתע,פתע,צתע,קתע,רתע,שתע,תתע
500,אתף,בתף,גתף,דתף,התף,ותף,זתף,חתף,טתף,יתף,כתף,לתף,מתף,נתף,סתף,עתף,פתף,צתף,קתף,רתף,שתף,תתף
501,אתץ,בתץ,גתץ,דתץ,התץ,ותץ,זתץ,חתץ,טתץ,יתץ,כתץ,לתץ,מתץ,נתץ,סתץ,עתץ,פתץ,צתץ,קתץ,רתץ,שתץ,תתץ
502,אתק,בתק,גתק,דתק,התק,ותק,זתק,חתק,טתק,יתק,כתק,לתק,מתק,נתק,סתק,עתק,פתק,צתק,קתק,רתק,שתק,תתק
503,אתר,בתר,גתר,דתר,התר,ותר,זתר,חתר,טתר,יתר,כתר,לתר,מתר,נתר,סתר,עתר,פתר,צתר,קתר,רתר,שתר,תתר
504,אתש,בתש,גתש,דתש,התש,ותש,זתש,חתש,טתש,יתש,כתש,לתש,מתש,נתש,סתש,עתש,פתש,צתש,קתש,רתש,שתש,תתש
505,אתת,בתת,גתת,דתת,התת,ותת,זתת,חתת,טתת,יתת,כתת,לתת,מתת,נתת,סתת,עתת,פתת,צתת,קתת,רתת,שתת,תתת
