,Alef,Bet,Guimel,Dalet,Hei,Vav,Zayn,Chet,Tet,Yud,Khaf,Lamed,Mem,Nun,Samech,Ayin,Pey,Tzadi,Kuf,Reish,Shin,Taf
0, Aa, come, Ga, Da, Huh, And, Za, Ha, Ta, 11, XX, No, Ma, please, Sa, Aa, Fa, go out, Ka, See, Sha, cell
1, father, b, back, Dov, The H, and in, Zev, indebted, Tab, 12, approx, heart, Mb, post Scriptum, grandfather, Eb, Feb, turtle, crutch, multi, sit down, Tab
2, Ag, B, roof, A fish, H, and c, Zg, Holiday, Teg, 13, Kg, Lg, Mag, Ng, seg, Eg, expired, Screen, Kg, Reg, Sg, tag
3, Ed, cloth, Gad, brisket, echo, and d, Zed, sharp, Ted,Hand, jug, Led, gauge, Ned, chock, Until, Fed, trapping, Ked, come down, Breast, Ted
4, Ah, in her, Gee, Da, The, And the, It, Ha, Ta, God, so, her, what, Nah, Sa, Eh, Here, Tza, Ka, re, that, tea
5, or, at him, Go, two, Oh, hook, this, Hu, Tu, Yu, c, to him, Mo, Well, Sue, O, Fu, order, line, Ru, Shaw, note
6, So, falcon, gas, Dez, the, and z, moving, Chaz, 16, 17, XXI, to, from, Nez, sez, goat, Paz, Cz, gauze, Raz, Shaz, ID
7, brother, b, gah, Rejected, H, and, Zah, hook, Sure, 18, power, damp, brain, Noah,Sah, ugh, tin, fresh, take, Rach, Shah, Tah
8, slowly, Bt, divorce, Det, the, watt, Zet, needle, Tet, 19, Nineteenth, Lt, Matt, Net, Set, pen, Pat, Ct, small, Rt, Shet, Tet
9, an island, Me, Gi, enough, Hi, V, Z, live, T, Yi, Because, to me, who will, Ni, si, Ai, times, fleet, Ki, Ri, gift, you
10, but, in you, you too, lowly, Here, And you, pure, palate, Tech, you, so, to you, infra, Nach, amount, uh, jug, Tach, Kach, soft, your, stitch
11, to, Bell, wave, poor, cardamom, And, Zel, applicable, Dew, Yell, all, Lal, Mel, Nell, basket, On, Fel, shadow, easy,Ral, of, Tel
12, If, in them, also, blood, they, And Wm, zam, hot, Tam, sea, Km, Lam, meme, Nm, drug, With, Pam, fasting, got up, loud, Name, finished
13, Ann, son, garden, Dan, they, Ven, strain, Grace, Tan, yen, Yes, Len, from, nan, Sen, An, lest, briar, nest, Ran, tooth, give
14, ace, bass, coarse, Des, Hs, and S, Zes, Chas, fly, Yes, throne, Les, tax, miracle, moth, it, stripe, Cess, Kes, Res, Shas, Thess
15, A, Inc, touch, know, the, and, move, Heh, wrong, Yes, ca, to, Ma, moving, go, Ae, Pa, walk, Ke, Bad, h, teh
16, Nose, in the mouth,limb, page, Hef, and f, Zef, innocent, Tef, Yiff, tablespoon, Lef, Map, Neff, threshold, fly, Pff, floating, Cap, Bar, chef, drum
17, Acc, mud, spark, Dats, Hatz, and, zetz, arrow, Tetz, Yitz, Katz, playful, Metz, Hawk, Sats, Wood, burst, popped up, end, running, Shatz, Tatz
18, Ac, Beck, jack, thin, Hk, and, Zak, Act, Tech, Yak, K.K, Polish, Mac, Nek, Sec, Eq, Pack, Tsk, Keck, only, bag, Tk
19, R, bar, live, Dr, Mountain, and R, foreign, damn, Ter, Fire, pillow, L, Mr, candle, sir, awake, bull, narrow, cold, Rrr, minister, Ther
20, fire, Bash, approach, flap, The, and that, Zh,felt, Tesh, there is, When, Lash, from, Nes, Sesh, moth, Pesh, Tsh, straw, Resh, six, 5
21, You, a girl, Gat, religion, The, and, this, Hat, Tet, Yat, sect, to, dead, Nat, Seth, time, bread, Tt, butt, Rath, sit down, sub
22, a a A, Baa, proud, Daa, haha, Wow, Zaa, haha, Taa, yaa, like, No, Maa, naa, Saa, Aaah, Fah, come out, Kaa, see, Shaa, come on
23, father, in the father, Gab, dove, the father, and father, Wolf, Hab, Tab, object of desire, Pain, to the father, from father, nav, Sub, sad, pub, turtle, Cub, Rab, drew, greedy
24, ugh, Bug, Gag,worried, The Hague, and ag, zag, hag, tag, Yag, as a, Lag, Mag, nag, sag, Eag, Pug, a watchman, Kag, Rag, Roar, tag
25, Aad, Bud, Gad, Dad, the vapor, and Ed, Zad, Had, Tad, yad, as, Lad, very, fart, Sade, Aad, Pad, Chad, Cad, Rudd, Shad, Thad
26, Aah, came, proud, Dah, Ha, And oh, this one, Ha, Tae, proper, like that, Leah, century, Handsome, Sah, Aah, wig, went out, Kah, See, shah, camel
27, Oh, came, Gao, Dow, How, And oh, zao, Khao, Tao, Yo, came, No, Mao, Nao, Saw, Come on,pow, come out, Cao, see, Shao, bison
28, and, a buzz, gas, then, then, and then, zaz, Haz, Taz, yaz, like that, Laz, since, naz, Saez, Aaz, Faz, Tzaz, Kaz, Raz, that time, then
29, Aah, in the fireplace, proud, dah, the brother, and a brother, Zah, Haha, Tah, Yah, as a brother, to brother, from a brother, sigh, Sah, Aah, Pah, laughed, Kah, Rah, brother, bro
30, slow down, Butt, Gat, Dat, slow down, Watt, Zat, Khat, Tat, Jat, slowly, slowly, slowing down, Nat, Sat, slow, Pat, chat, Cat, Rat, Shat, slow down
31, Aye, on the island, Guy, Dai, Island, and island, Zai,Chai, Tai, Yay, an island, to the island, May, handsome, Sai, Ai, pie, get out, Kai, Sight, Shay, cellular
32, Aah, Bach, Gach, That's right, Hach, And yet, Zach, you, Tach, Yuck, as you, one lakh, Mach, after, Sach, aah, Pach, your child, Kach, saw, Shah, your
33, Aal, In the, Gal, Dal, the god, And to, Zal, Hal, Tal, Yael, as a god, to God, Mal, please, Sal, Ael, Pal, zaal, Cal, Ral, Ask, Tal
34, A. If, Bam, Gam, Dam, the mother, and if, Zam, Ham, Tam, Yum, as a mother, to the mother, Mom, Nam, Sam, a nation, Pam, fasting, Cam, oryx,that if, matched
35, Ann, Ban, Gan, Dunn, Han, Van, Zan, khan, Tan, Jan, Here, where, Man, Naan, Sun, Aan, pan, sheep, Cannes, Ran, Shan, fig
36, Ace, Bass, Gus, Das, the ace, Vas, Zass, Khas, Tas, Jas, Kas, Las, fed up, Nas, Sass, As, Pass, Chas, Cass, Ras, Shas, Thass
37, Aah, came, proud, dae, Ha, and, Zaa, Hae, tae, Yea, like, Not by, maa, nice, sae, Aaa, Pae, got off, kae, Rae, Shaa, you will
38, Phew, in the nose, Gaff, Duff, the nose, and even, Zaf, Haff, Tuff, Yup, a nose,to the nose, of nose, Naf, Saf, Aaf, Puff, Tsaf, Cuff, Raf, breathed, you will
39, I will speed up, butz, Gatz, Datz, Accelerate, And what?, Zatz, Hatz, Tatz, yatz, as a speed, to accelerate, matz, Nats, satz, huffed, patch, zatz, Katz, ran, Shatz, speed up
40, Ack, Buck, Gak, Duck, Hack, Wack, Zack, Haq, Tuck, Yak, Huck, Lac, Mac, Nak, Sack, Ack, Puck, Chuck, jackdaw, Rak, Shaq, Tuck
41, Aar, well, Gar, Dar, Har, and Er, Zar, Har, Tar, Yar, Khar, Lar, Mar, Narr, Sir, Aar, luxury, czar, Carr, Rar, rest, Describe
42, Ash, in the fire,Gash, Dash, the fire, and fire, Zash, Hash, Tash, Yash, as fire, not that, from fire, Nash, Sash, Ash, Fash, Tash, Cash, head, Shash, Ash
43, Aath, you came, Gath, Dat, the shovel, and you, this, Khat, tat, Yeat, as you, to shovel, By, Nath, Sat, Aat, a wig, you went out, Cath, you saw, you are, camellia
44, father, baba, back, Daba, the next, and came, Zeba, Hiding, Taba, will come, Firefighter, to come, coming from, prophet, grandfather, Aba, Faba, Army, kaba, Raba, who came, come
45, abb, Babb, pile, Dub, the bubble, and in, a fly, like, Tabb, whine, Kebab, heart, Mebb, navb, round,Amb, Fab, Tzvab, kebab, stain, chip, Tabb
46, a B C, in Beg, Gbag, Dabg, The bug, and B, Zebg, Habeg, Tabeg, Yevgeny, as a pig, Lebeg, Mbg, spore, Sebag, Abag, FBG, Zbg, Cabag, rabg, Shabg, Tabag
47, lost, in cloth, Gavd, David, the cloth, and cloth, civet, Chabad, Tabed, cloth, liver, Own, fabric, separated, Seved, slave, Pvd, Seared, be careful, layer, Sweden, cheat
48, father, Baby, eyebrow, Deba, Let's, And in her, Zeva, fondness, good, Yves, shout down, lava, from me, Neva, her grandfather, thick, Faba, engorged, digestion, a lot, she returned, ark
49, Abu, in Bo, his back, Debo, The boo, and in it,Zebo, his debt, taboo, Yebo, turn off, his heart, from, Nebo, his grandfather, Thicken, Pabo, position, wait, fight, sit, write
50, Aza, in a falcon, Garbage, Devez, the falcon, and a falcon, wasted, Chavez, Tevez, Yavez, as a falcon, to falcon, scornful, scumbag, Savage, Azz, Fevz, spend, kebez, Rabaz, Shabz, despise
51, Abh, by the way, boasted, cooking, notice, And check, sacrifice, lol, Massacre, praised, thank you, check, test, barked, Sabah, worked, crack, a plate, get, profit, praise, cook
52, Abbott, in a glance, Gavet, Debt, Look, And look, Zabat, hit, Tevet, aspect, looked, to look, look, germ, a tribe, hit, Pvt, pinch, Kabat, platoon, tribe, Tebat
53, Avi, baby, my back, Debbie, The H, And me, Zebi, My fault, naturally, Ibi, turn off, my heart, Mabi, Nabi, my grandfather, thick, Phoebe, deer, Kabi, Rabbi, captivity, Thebes
54, your father, in your heart, your back, your pressure, your confusion, and you, Zebach, your trouble, your nature, your cry, your pain, your heart, from you, your son, tangle, thick, Pbach, your condition, your trouble, Rabbi, in you, your sorrow
55, but, Bbl, limit, Doble, steam, And Bel, manure, Too bad, dipped, Yaval, cable, for no reason, From Bel, harp, Suffering, Abel, Pavel, sable, get, a rebel, Shavel, world
56, their father, in bam, their backs, their bear, the bam, and in them, Zevm, Hem, their taste, yawn,Like them, their heart, from them, Nabem, their grandfather, thick, Fabm, their turtle, their foot, most of them, in them, They're crazy
57, stone, in son, humpback, Devan, the son, and a son, salesman, habban, Taban, Yavn, as a son, white, from a son, son of a bitch, Saban, Eban, Pavan, Tsavan, Kevan, rabbi, that son, straw
58, Abs, in the bass, plaster, Devs, the bass, And bass, Zebs, Habs, Tabs, Yves, wash, wear, defeat, Nebs, Sebs, Abs, fbs, Tsavs, nausea, rhubarb, Shabs, defeat
59, Abe, in a bubble, a hill, Deva, express, and in, Seven, Heba, nature, He gushed, cap, swallow, expression, arose, seven, bubbly, Phoebe, Color, fix, Quarter, seven, sued
60, aff,Baf, Gaff, dabf, The beef, and in the mouth, a fly, buff, Taf, Yaf, as, Leff, from Buff, Buff, round, flew by, pvf, Zbaf, Kebab, Rabbi, Sheff, bang
61, zinc, in mud, jumped up, Dabetz, the mud, and mud, cast off, Hamz, dipped, egg, as clay, for mud, Batter, sprout, Svetz, mold, Pbetz, popped up, file, Rabetz, Embed, beware
62, dust, Bebek, Gabak, Glue, the buck, and Beck, Zebke, a hug, tobacco, Yavka, Kabbak, Lebak, Mebke, a hole, Sevak, Abeak, Pavek, Zveka, a cork, Rebecca, a net, tobacco
63, organ, at the bar, man, Nothing, the bar, and a bar, zebra, Friend, navel, Yver, already, to the bar, from a bar, Naber,explanation, Moved, Fabre, Sabra, grave, Rebar, Fraction, Taber
64, Ash, in the dry, crystal, honey, the dry, and in, messed up, Abyssinia, Tash, dry, Lamb, put on, dry, a wreck, Sabesh, moldy, Pebash, Tsbesh, collect, Ravesh, Shash, a mess
65, father, in daughter, You frowned, Debate, the daughter, and a daughter, gout, a pan, You benefited, Yebata, daughter, to a daughter, from a daughter, a sprout, grandmother, thick, Pevat, pliers, you got, a lot, Sabbath, you have
66, Aha, Bega, Gaga, Daga, the gay, and proud, Zaga, Haga, Taga, Yaga, as gay, to gay, Mega, Naga, Saga, Aga, Pega, Tsega, Kaga, reggae, Shaga, be proud
67, incidentally, on the back, Gev, Dagb, Reply,and back, Zagev, grasshopper, Tegv, Yagev, back, for the back, mop, wipe, Segev, organ, flawed, Tsegv, KGB, Regev, exaltation, respond
68, agg, on the roof, gagg, Dagg, the roof, and a roof, glazier, celebrated, Tagg, a roof, as a roof, to the roof, From the roof, Ngag, seg, Agag, Pegg, a mirror, kegg, Reggae, an oversight, roof
69, bundle, garment, a coat, Dagd, Hed, and betrayed, Zagd, celebrated, Tagged, Yegged, as a, Lagada, Magd, against, worshiped, a bundle, Pagad, Tzag, Kagad, shivered, Shagad, Tagg
70, Aga, Bega, a roof, fish, steering wheel, Vega, Zega, celebrated, Taga, Giga, Keg, Lega, Mega, Naga, saga, slang, expired, monitor,Kaga, Reggae, mistake, tag
71, ego, in his body, roof, fished, the body, and go, zago, celebrate, tago, Yago, as, Lego, Mago, nego, Segu, mocked, Pegu, display, Kego, ragout, wrong, tag
72, Agas, in gas, a roof, Degaz, the gas, and gas, zigzag, Hadz, Tez, Ex, as a gas, to gas, from gas, bitten off, sagz, a dog, shell, cut off, a box, annoyance, gas, gas up
73, agah, in a flash, glared, fished, the guts, and gah, looked after, celebrated, rammed, will come, as a, sneer, Mog, hit, Sigh, scoffed, Struck, watch, Kgah, Ragh, look after, poke
74, Agate, baguette, Gaget, Degt, the divorce, Vegeta, Zaget, belted, Taget,Iget, as a divorcee, Leggett, Magt, Nugget, Sgt, Agat, Paget, Tzat, Kaget, Regt, Shagat, taget
75, Aggie, Biggie, Gegi, fish, Hagi, And Gee, Zagi, Hagai, Taggy, Yiggy, as, Leggy, Maggie, Negi, Segi, Egi, Peggy, Monitors, Keggy, Reggie, Shaggy, tags
76, I will, in your, your roof, a fish, the gach, And also, your glass, your holiday, your tag, Yagach, like that, to you, magnet, against you, Sage, mocked, you've missed, your monitor, Kgach, you killed, your mistake, you will
77, droplet, in a wave, Gegal, flag, the wave, and wave, Zagal, belt, tagel, Yagel, as a wave, to wave, sickle, Nagel, staff, calf, Pegel, a mirror, Kegel, Foot, concubine, discover
78,Lake, Begum, defect, model, although, and also, Zegm, their holiday, also, a lake, as well, took a sip, Magm, a fault, Sagem, a lake, defect, model, Kagam, Regam, That, tag
79, basin, in the garden, roofer, grain, the garden, and a garden, Zagan, Hagan, Fry, will protect, as a garden, to the garden, Protector, player, Lieutenant, an anchor, pagan, a watchman, Kagan, Ragan, Kindergarten, protect
80, pear, roughly, Geggs, Degas, the rough, and rude, Zags, Hagas, Tegs, Jags, as rude, to be rude, Megs, a bite, slag, an egg, Pegas, Tsgs, Kegs, Rags, rude, Tages
81, touch, touched, touch, moment, arrived, and touch, crazy, a moment, touched, tired, now, touch, contact,lesion, frenzy, touched, affliction, a shame, hit, moment, madness, touch
82, wing, in the limb, Gaff, fished, the limb, and a limb, squat, feasted, Tagged, will sneeze, as a limb, to the branch, boot, stumbling block, an ascetic, wing, a bastard, watch, KGF, Regf, Shagaf, hit
83, a branch, in Getz, roofer, Dagetz, the jet, and getz, Zagetz, Christmas, Tegtz, will spring, like a jet, to iron, Magetz, a snag, Sagetz, sneer, a shell, peephole, KAGTZ, got excited, Shagtz, you'll be exhausted
84, Agek, in college, giggle, Dek, the gecko, And Gek, Zagek, circled, Tegk, Yagak, as a, Lag, Magc, Nek, Sagek, snorted, cap, watched, Kgk, Regak, check, Tag
85, Agar, mature, Gagar, Dagger,Hagar, and lived, Zager, a belt, Tager, Jaeger, as a resident, to live, itchy, Carpenter, Clasp, Egar, carcass, Zegar, Keger, Reger, routine, trader
86, I will pass, Begash, bumped, emphasis, submit, and come, move on, celebrated, collision, will approach, as a, larch, tray, access, Sage, Agg, met, a traffic, a tray, emotion, accessed, serve
87, agate, in Geth, a roof, you fished, Got it, and Got, Zagat, you celebrated, Tagat, You got, as a wine, to get, Meght, Nagate, retreated, you teased, You're overdue, you showed, Kagat, you killed, You got it wrong, Tag
88, Ada, Bada, Gada, Dada, Hada, Make sure, Zada, Hada, Tada, Yada, Kada, to da, mada, Nada, Sada, Ada, Padda,Sada, Kada, Rada, Shada, Tada
89, courtesy, in dev, Gadv, Dedev, the bear, and Deb, Zedev, sharp, Tedv, Yadav, a bear, to bear, Madev, Nadav, Sadev, Adav, Fedb, lobster, Kadeb, stalk, Shedev, Tadav
90, Edg, in a fish, Gadg, Dagg, the fish, and a fish, Zedg, Hadag, Tedg, will fish, as a fish, to fish, a fish, Nedag, Sedg, Edg, Pedg, Third party, Cadg, step up, a fish, fish
91, Edd, alone, Gadad, Dedd, Hadad, and Dad, Zedd, Hadad, Tadda, friend, Kadad, Ledad, measure, insomnia, Sedad, Adad, Padd, side, Kedd, Reed, robbed, Tadda
92, Eda, Beda, Bank, Dede, Heda, And yes, Zedah, sharp,Teda, Hand, kada, Nativity, footage, Nada, Sada, Witness, cashed out, hunted, bow, got off, field, Theda
93, Edo, in two, Revenge, his grandfather, The duo, And two, Zedo, sharpened, Teddo, his hand, like him, to two, Meadow, Nedo, Sedu, witness, pay off, They hunted, bow down, come down, Shado, give up
94, Adz, Badez, Gadz, Dadz, The dez, And Dez, Zadz, sharp, Tedz, Yadz, as a, Ledez, Medz, Nedz, Sadz, Adz, Pedez, Szdz, Cadiz, Redz, Shadz, Thadz
95, I will push, playful, thirsty, Rejected, rejected, and rejected, zadh, sharp, milled, will reject, as a pushover, reject, a thermometer, led astray, Sedah, Adah, roared, succeeded, bore, Reed, rejected,reject
96, Edt, in det, Gadt, Deadt, the det, and det, Zedt, sharp, Tedt, Yadt, Cdt, to det, Medt, Nadt, Sadat, Edt, Pedt, a hunter, cadet, Radt, Shadt, meditate
97, Eddie, enough, kid, Daddy, The Hedi, And enough, Zadi, sharp, Teddy, my hand, In order to, enough, every, Neddy, Sadie, jewel, Paddy, side, Caddy, reddy, my breasts, Teddy
98, step, in your, Gadach, Dadach, the water, and so on, yours, sharp, Tedach, your hand, like that, go away, from you, we'll go, Shack, a witness, pay off, your right, kdach, went down, your breast, step
99, Adele, stub, grows up, Dedel, the scarce, and little, Zadel, ceased, Tadala, Yadel, little, to scarce,Medel, real, a bucket, Up to, pedal, sided, Kadel, Redel, coaxed, Tadala
100, A person, in the blood, stump, dead, the blood, and blood, Zdam, sharp, Tedam, their hand, as blood, to blood, from blood, we fell asleep, Sedum, Adam, Padme, They hunted, pre, fall asleep, blood, blood
101, sill, in Dan, Gaden, Dadan, Hadan, and Dan, Zaden, keen, Tedan, a hand, as Dan, to discuss, from Dan, sheath, anvil, Eden, Padan, side, Kaden, Radan, Shadan, will discuss
102, Ades, Badass, Geddes, Deds, Hadas, And Des, Zeds, Hadas, Teds, Yeds, Kadas, Ledas, Mads, Neds, Sadas, lentil, Feds, a party, Keds, Reds, Shads, Thedas
103, i will know, in the knowledge, Gade,Dede, the knowledge, and know, Zade, clever, know, knowledge, like this, to know, science, we will know, sade, Ada, Pada, Side, Kade, Rada, he knew, you will know
104, Adaf, on the page, blasphemy, paged, blast, and a page, zadef, shrew, Taf, Yadaf, as a page, per page, shelf, evaporate, Sedaf, prefer, Pdf, shell, Kadaf, chased, flip through, page
105, Adetz, Badetz, Gadetz, Dadz, the heat, and Dats, Zadetz, Hadz, Tadtz, Yadz, like, Ledetz, Medetz, Nadz, Sedetz, Adetz, Fedz, satz, Katz, ran down, Shadtz, will be compressed
106, dropper, checked, Gadek, checked, trigger, and thin, got old, proboscis, Tadak, Yadak, as thin, to thin, clamp, will crack, crack, Adak,Padak, Jupiter, Kadak, Radek, Shack, tighten
107, Adar, an entertainer, fence, Dadar, Hadar, and Dr, Zadar, a room, bother, Yedar, a cup, Leder, a divider, vow, order, herd, Feder, Cheddar, potter, radar, message, frequency
108, Adesh, in the lapel, crowded, stomped, the flap, and a flap, zdash, New, dirty, a hand, Kash, to the flap, Mudsh, we will, Sadesh, Until, Padesh, 3rd party, holy, Radesh, Shadash, flip
109, Adath, in religion, Gedt, you died, the religion, and religion, Zadet, sharp, Ted, you know, as a religion, to religion, from a religion, You moved, braces, denomination, paid off, you hunted, you bowed, you went down, you have a religion, you will believe
110, Aha, Baha, Gaha, Daha, Haha, And the, It's a,Haha, Taha, will be, like this, to ha, what, Neha, Saha, Aha, Here, Tsha, Kaha, Reha, that he, be
111, loved, Bhabh, Gahav, Dahab, Heb, and the, gold, Debt, Thab, Yahav, as a blade, blade, Mahab, Nahav, Sahab, Ehav, Fahv, yellow, Kahab, arrogance, that the, Tehab
112, Ahg, Bahg, gawking, Dahag, The helm, and c, Zag, Hag, Tahg, Yehg, as a, dialect, from the, Driver, Sehag, Aeg, Fahg, Tshag, Kahg, Rehg, that, tag
113, sympathizer, in echo, Gahad, echoed, the echo, And echo, the same, sharp, thud, Yehud, as an echo, echo, Resonator, Nod, Sahed, Ahad, Fahad, Tzad, Kahad, Rahad,echoed, resonance
114, Aha, stared, Gaha, faded, heh, And hey, same, Haha, confused, will be, dark, Leah, What is the, enjoy, Saha, uhh, here, recognized, blunt, Rahe, stayed, wondered
115, Oh, looked at, Gho, Faded, oh oh, And oh, This, hahaha, that's wrong, Yeh, so, to him, what is, Naho, Shou, aho, here, Tsho, khu, Rahu, stay, wonder
116, ahh, Behz, gas, That's it, Hez, And this, same, Haz, Tahz, Yahez, like this, to hear, what is this, Nahz, Sahaz, goat, Fahz, Tzaz, Kahz, Rahz, That's it, dance
117, Ahhh, in the, gaah, gasped, the fire, and h, Zahah, Haha, grind, Yeh, as,to sleep, Meh, Sigh, Sahah, ahhh, Phew, He laughed, Kahah, Rahah, that he, be excited
118, Aht, alabaster, Ghat, Dehat, Het, and the, the same, needle, Taht, yacht, as a, glow, what T, Naht, Sehat, ink, Faht, Tzat, Stupid, trough, shaht, Tehat
119, oh, Behi, ghee, Dehi, Hi, And hi, It, Hi, Tahi, let it be, dark, Hi, what is, wailing, Sahi, oh, my mouth, Tchai, Kahi, Rehi, which is, be
120, oh, in you, squint, Faded, That's it, and so on, That's it, Hak, Tach, will, like this, to you, from you, behaved, Sahach, yelp, Here you are, chuckle, numb, soft, that you, melted
121, tent, Bewildered, wave, Dahl, the cardamom, And here, it's for, Hal, Thal, Yahal, a crowd, to hell, thinner, manager, Sahel, Ehal, Fehl, a troop, crowd, Rachel, Shahl, Psalm
122, Ahem, in them, gham, Dham, those, and they are, they are, hot, Tham, they, Kham, to them, from them, roar, Sam, ahem, Here they are, Tsham, kham, Rahm, that they, wonder
123, Ahn, in them, Gahan, dahan, those, And they are, these are, Khan, Tahan, Yehn, Cohen, them, of them, Nod, Sahn, Ahn, here, Chahan, Kahn, Rahn, which they are, have fun
124, Ahhh, Behs, Hess, ran over, Hess, and the, That's it, Khas, Tahs, Yahs, as, to the, from Hs, destroyed, Sahs,Ehs, Fahs, IDF, Kahs, Rehs, Shahs, Tahs
125, Aha, Bah, Gah, see, The, And the, the same, Haha, The, Yes, as, to the, from the, move, Sae, aha, Fah, walk, Kae, the evil, that he, wonder
126, ahh, Bahf, Gehf, dashed off, Hef, and hf, gold, a beach, Tahf, Yehf, as if, to wave, from a wave, heaved, Sahaf, flew away, Phew, Tsaf, Kahf, Rahf, Shehf, beat
127, Ahtz, Bahtz, presser, Dehatz, the heat, and hit, That's it, push, Tahtz, Yehtz, Kahtz, Lahtz, Mehtz, Nehatz, Sahtz, Ehtz, Fahtz, popped up, Kahtz, Rahetz, Shacht, Tahtz
128, ahk, Bhak, belched, Dehak, Heck, and the,Zehak, law, thak, yawn, as heck, formation, What K, Hake, Sahak, yelped, yawn, laughed, giggled, far away, that he, Thek
129, Ehr, in the mountain, Gehr, galloped, the mountain, and Mt, Zohar, Hehar, pure, rush, a mountain, to the mountain, Faster, river, Crescent moon, woke up, Fehr, noon, Kahr, mused, that mountain, speed up
130, Ahhh, Bhish, Gosh, dashed, The, and the, that, Hash, Tash, Yahsh, As God, hsh, What that, Nhash, Sahsh, Esh, Fahsh, squealed, Kahsh, Rehash, that the, wonder
131, you, you have, Goth, religion, the, and the, same, Hat, Thath, be, dark, die, Mehta, enjoy, Sehat, time, here, Tzat, numb,Rath, that, you wondered
132, oh, Come on, soar, email, he, Wow, Zoe, Hua, toa, Yea, That's right, Lou, Mua, Noah, Sue, Oh, Phew, excrement, Kua, sees, vain, Tua
133, Ob, Bob, den, bear, Hub, Web, discharge, debt, Good, Yuv, thorn, Libya, Mob, Nov, sub, thick, Pov, ok, Cub, majority, again, Tov
134, Og, Bug, Gog, fishing, a thinker, Vogue, Pair, circle, Tug, Yoga, Cog, Log, Mog, nog, Type, cake, Fogg, a glass, Cog, Rog, a mistake, Tag
135, ember, Bod, Good, Uncle, glory, Wood, Zod, point, Todd, iodine,Code, Lod, Mod, nomadic, secret, More, Pod, hunting, code, Rod, robbery, thank you
136, Oh, boo, corpse, Duh, passion, Wow, Zoe, farm, straight, Yoh, loophole, Lua, moh, Noah, a mare, Oh, Pooh, order, a line, Rowe, par, Toh
137, Aww, Bow, A corpse, Dev, The hook, Wow, Zoe, experienced, tw, Yoo, Chow, Lew, Moo, Naw, Sv, Aw, Phew, order, Que, Rev, Equal, note
138, Oz, contempt, Guz, Doz, Hoz, Woz, move, contract, an ace, Hughes, cuz, hazel, moose, Noz, Suz, courage, Pos, move on, coz, Rose, Shuz, fruit
139, Ugh,Boh, Goh, Report, Hoh, Wah, shines, thistle, sure, John, Force, Board, brain, comfortable, shop, Ouch, Puff, shout, CV, Breeze, swimming, stretch
140, Ot, bot, Gut, Dot, Hot, Watt, a trifle, wire, Tut, Yot, Kut, veil, rod, navigator, a pervert, a pen, Pot, Tzot, Kot, Roth, whip, Tut
141, oh, Boy, gentile, Doi, Hey, Wee, Zoey, Hui, Toy, Yui, burned, Levi, Moi, decoration, Sui, Oi, Foy, an order, lined, Roy, Shui, Tui
142, Ouch, book, Gooch, duch, Hoch, Wuch, winner, hoop, Toch, Yuch, niche, Loch, lint, nooch,Sukh, Ouch, antimony, Tzuch, Koch, tenderness, shoch, within
143, Ol, stamp, Gol, Dollar, Hall, Wall, cheap, Sand, tulle, Yul, All, hen house, Against, loom, G, burden, broad bean, Tsol, Voice, roll, Shul, Thule
144, Um, boom, Gum, dom, Hum, Wham, Zoom, Heat, Tom, a day, how much, Lum, defect, sleep, Some, A nation, Pom, fast, get up, rum, garlic, Tom
145, potency, Boone, color, don, fortune, won, son, shop, tone, ion, Hon, Lon, Moon, Non, Son, Oon, phone, Tsun, Con, Ron, Shawn, tone
146, Aus, boss, Gus, Doss, Hoss,Wes, Zos, Jose, fly, Yos, glass, los, mousse, Noss, horse, Moss, Fuss, Zus, Kos, Ross, Shus, Thos
147, oh, a bubble, drowning, known, Huh, and, sweat, Hoa, wrong, yo, crouched, mouth, Moa, moving, Sue, bean, poo, Tzu, Koe, evil, Shua, astray
148, Ugh, Boof, body, Duff, Hoff, Woof, Zuff, Beach, Toph, Yup, a monkey, arum, Muff, View, end, chicken, poof, nectar, monkey, Roof, Shoof, drum
149, Ugh, mud, short, dotz, hotz, and wats, Zotz, outside, tots, Yotz, Kutz, Lutz, chaff, take advantage, Sutz, Oz, putz, pop up,thorn, run, Schutz, get out
150, Ok, beech, Goku, Doc, Hook, Wok, Zook, Law, Talk, Yuk, Hook, Luke, gaiter, Knock, market, Ok, Poke, cliff, cook, rock, Street market, stick
151, light, pit, cub, generation, Hor, Ware, Zor, a hole, column, Jur, reactor, Lor, Mor, flare, Sur, skin, Por, flint, cold, Ror, bull, turn
152, or that, Bush, block, dosh, Hush, Wash, Zosh, sense, marker, Yosh, spindle, Lush, mosh, nosh, Sush, does, Posh, Tshush, Kush, hemlock, licorice, Tosh
153, Letter, Booth, Goth, pit, Hot, and, zot, Hut, Tut,Yot, beat, Lot, death, Nut, Soth, time, vulva, crew, Kot, Ruth, co, strawberry
154, Aza, Beza, Gaza, Daza, This one, And that, Zaza, forecaster, Teza, Yaza, like that, Leza, Meza, Neza, Saza, Aza, Paza, Cza, Kaza, Reza, Shaza, Teza
155, Azev, Zev, Robber, Dzb, the fly, and Zev, Zezev, Hezb, Ten, Yazv, falsehood, Lezb, Mezb, Nezev, Szeb, left, Pezv, Tzav, false, gutter, Shezb, Tezv
156, Ezg, Bezag, Gazeg, Dzg, the zeg, and zag, moved, Hezag, Tezag, Yizg, as such, to zag, temper, Nezg, Temperance, Azeg, Pezag, Tzag, Kazag, Rezg, Shazg, pour
157,Azad, in vain, a scab, Dzd, the zad, And Zed, moved, Hazed, tzd, Yazd, as such, to Zed, suddenly, revenge, Sazad, Azad, lost, Tzad, Kazed, Razed, Shazad, tzad
158, That's it, plunder, gauze, Deza, this, and this, moving, chest, Teza, That's it, such a, to that, from this, Neza, Seza, Gaza, Peza, tzaza, Keza, thin, of such, thesis
159, So, in this, Gaso, Dezo, this one, And that, move, predict, Ten, That's it, such a, to this one, from me, Nezo, Move over, Go ahead, a peso, step away, Kazoo, slim down, which is, splash
160, moved, robbed, shearer, dazzle, move, and moved, moving, lichen, frenzy, will move, as a mover, to move, moving,moved, moved, Azz, crazy, buzz, offset, Razz, that moves, move
161, Azaz, ran away, cut off, Dzach, Zah, and Zach, Zahh, hazah, Tez, Yazakh, as blue, Lazakh, quay, Nazakh, Sazh, Azaz, fart, boom, Kazakh, Razah, Shazah, stand up
162, Azat, Bazett, gazette, Dest, The Zet, and Zet, zazt, Hazat, Tazt, Yazt, just like that, for a little, fuel oil, oiled, Sazet, Azt, Pazett, Czat, Cassette, reset, Shazt, tezat
163, then, Bazi, gaseous, Desi, delirious, And Zee, move, chest, Tazi, Yeezy, That's right, Lazy, Mezi, Nezi, Sazy, goat, Pezzi, Tzezi, Casey, Razi, that she, This one
164, then, in you, your hair, Dez,the one, And that's it, moved, Hold on, tzach, will win, like that, to that, from you, won, Szach, your guts, pay off, Tzach, Kazakh, lean, that's right, win
165, out of, Basel, robbery, Diesel, Hezal, Wezel, zazel, lucky, Tezel, Yezal, unlucky, Lezal, luck, ooze, Sezel, Azal, puzzle, Tzazel, Castle, Rezal, Shazel, Tezel
166, Azam, Bazm, cutting, Dezm, He started, And Zem, moved, firm, Tzam, entrepreneur, kazm, Lazm, a chant, nose ring, Szem, Azam, a frenzy, trimmed, Charm, Razm, Shazam, planned
167, ear, in the strain, gazan, Dzan, Enter, and variety, Zen, cantor, tzen, Zen, as a variety, to breed, from breed, Nazen, Szan, Azan, Pezan,Czazen, Kazan, Rezen, Shazen, feed
168, Azas, hawk, gas, Dezs, the move, and Zes, move, Hazes, Tess, Yazs, zas, Lazes, Mezs, Nezs, sez, Azs, Pazs, chez, Kazes, Ress, She's moving, Zess
169, Aza, in a rage, Race, race, the sweat, and sweat, sweat, race, sweat, sweat, as sweat, sweat, sweat, sweating, rage, shocked, Rage, race, race, race, sweat, sweat
170, Azaf, in a flash, a usurper, Dezf, the zef, and Zef, zaf, brazen, tanned, Jeseph, silver, to spit, a prank, scolded, Sesame Street, Azaf, Peez, seesaw, swindled, Razef, sunburn, get a tan
171, I will, zatz, cut, Dazz, zatz, and jumped, zatz, Hazatz,Tzatz, will fly, sundown, jump out, playfully, zatz, Szatz, Azatz, exploded, peep, jumped, Razetz, Shatz, pop out
172, handcuffed, flash, Gazek, Dezak, Heck, and Zeke, Zazak, strong, Tezak, Yezek, strong, Lezak, Mezk, damage, Sazek, strong, Pezak, Tzak, Kazakh, thin, Shazak, Tezak
173, Azar, in a stranger, Carrot, Deser, the stranger, and stranger, moved, came back, tazer, a stranger, as a foreigner, to a stranger, stranger, tiara, Caesar, helped, scattered, Caesar, Caesar, Razer, Wreath, flow
174, I will, Bezh, Gez, J, the tan, and zh, Zh, tan, Tzh, Yaz, tan, Lash, Mez, Nez, Sazh, tan, Paz, sesh, Kez, Raz, tan,tan
175, that's when, in contempt, Gazet, Dzt, the one, And that, you moved, chest, 10, Yezat, such a, to the wife, from, Nezat, Sezath, Gaza, Platinum, You looked, Kazet, thin, that you, thesis
176, bro, Bah, Gah, rejected, Ha, And ha, Zaha, Haha, Taha, Yaha, as a, Moist, protested, Naha, Saha, Aha, Fah, thirsty, Kaha, Racha, Chess, pray
177, I'm sorry, Bhabhi, straw, push, the debt, and debt, scurvy, Heba, mildew, like, as a burden, Labh, love, nice, carry, Moss, chaff, straw, chaff, Wide, Shab, tuck
178, party, on holiday, grinned, postponed, the holiday, and a holiday, Zahg, celebrated, Tahg, will celebrate, as a holiday, for the holiday, holiday, celebrated, Sahag, teased, sneeze, laughed, Kahg, Far away, a holiday, celebrate
179, one, together, Greed, pressure, the sharp, and sharp, Zhad, sharp, grind, together, as sharp, per, on the one hand, Nehd, bribery, one, fear, Tzad, took, Rachad, extortion, together
180, sister, fled, Gaha, rejected, Haha, and ha, crawled, haha, Teha, Yaha, force, damp, protested, resting, Saha, Aha, a trash, dawned, took, smelled, Swam, Tah
181, meadow, Abroad, his stomach, reject, The, and oh, moved in, hahaha, wet, Joh, his strength, wet, protested, rested, Sacho, meadow, Pooh, dawn, take, Reho, swim, pray
182, grip, in the chest, cut off,pressed, Chaz, And see, move, Hazaz, Taz, Proportion, as, press, a play, predicted, sharpen, Ahaz, a fart, clean up, take away, Raz, Shahz, predict
183, ahhh, lol, grinned, push off, Haha, And haha, smug, lol, mush, lol, Hmmm, Hump, lol, snort, Sahah, Ahhh, tinsmith, dry, take, sniff, chatty, lol
184, one, with a needle, ghat, pressed, the needle, and a needle, squeezed, Hatch, thatched, a single, as a needle, click, needle, Nahat, blackmail, a blackmailer, a little, Chet, Pick up, Rehat, Slaughter, a needle
185, my brother, bye, my guts, reject, the animal, and alive, Zachi, Hey, Tahi, long live, alive, cheek, stroke, rest, filth, bro,trash, Chechi, take, Rahi, armpit, live
186, your brother, in the palate, grinned, pushed back, the palate, and palate, laughed, laugh, tach, a palate, as your palate, plantain, Mecha, We will wait, played, You giggled, tin, laughed, laugh, Far away, It was a nightmare, crotch
187, I wish, in effect, coal, Dahl, applied, and apply, larva, Hell, slime, will apply, antimony, to get sick, forgave, stream, Sahel, a tree, Pahl, Tzahl, Kahal, Rachel, an ovary, primer
188, my brother, in hot, Gam, coal, the hot, and hot, Zahem, Heat, taste, heat, power, bread, warm, Nehem, Sachem, Aham, coal, their taste, Kamehameha, Uterus, granite, a domain
189, one, test, grace, millet, the grace, and grace, Zehn,grace, milled, Yahan, grace, melody, from, rested, Sahan, Ahan, Fehn, Tsan, Kahan, Rahan, Shaan, please
190, Ahs, in favor, crammed, compress, the loss, and has, Zach, Hash, Tahs, ratio, as a favor, click, warehouse, a snake, Sass, Ashe, Pasha, Save, take care, Rehash, Shachas, Tahs
191, one, in a hurry, sigh, put off, the, and a, soot, lol, grind, Yehaa, as, lick, from, Neha, drift, lol, tin, Laughter, keh, rasa, Shaa, shut up
192, I'm stuck, in vain, a brat, urge, the innocent, and innocent, Drift, brat, impulse, barefoot, forced, to the naked, wipe, floated, erosion, Aaf, a brat, driftwood, Kahf, hovered,seagull, undersea
193, squeeze, with an arrow, squat, pushed, the arrow, and an arrow, crushed, Hazt, grind, an arrow, as an arrow, pressure, crush, necessary, squeeze, pressure, snort, brushed, Cut off, bathed, arrogance, arrow
194, Ahem, in the law, chuckled, Urged, the law, and scratch, laughed, He laughed, grind, a piece, as a law, to the law, Delete, a law, played, Ack, snort, laughed, lol, away, play, tickle
195, Other, choose, Gahar, Reluctant, the hell, and choose, Zahar, Hear, Taher, tomorrow, an election, Lehr, tomorrow, snort, Trade, another, pride, dawn, pick up, snort, Dawn, compete
196, Achash, stirred, Gash, pressure, the sense, and felt, Zash, Hashash, moss, will behave, Denied,spell, felt, snake, Sahsh, gecko, Sneaky, Tshsh, straw, rustle, he felt, dachshund
197, One, Bathed, Ghat, you rejected, the heat, and, you sat down, Ha ha, wet, a piece, cut off, moisture, Thank you, landed, got lost, once, depreciation, You're right, take, you smelled, hay, under
198, atta, Beta, Ghetto, Data, The ta, and ta, Zeta, sin, Tata, Yetta, as dirty, Lata, Meta, Neta, Sta, Ata, Peta, Ceta, Kata, Reta, Shata, Theta
199, fastener, in good, Gotab, datb, the benefit, And good, Zetb, cut off, good, good, good, Latvian, Better, nett, Steve, wrap, Fatv, Tzatb, plaque, sauce, Shatb, You'll be fine
200, tag, Betag,Getag, detg, the tag, and a tag, Zatig, Hatag, Tatag, will tag, as a tag, to tag, from a tag, Netag, Stag, wreath, Petag, Show up, Categ, Reteg, Tag, tag
201, bramble, in Ted, Gtd, Dtd, Ted, and Ted, Zetted, sharp, Tatted, Yedd, as Ted, to Ted, Mated, Netted, Stud, pen, Ptd, Side, Cated, vibrate, Ted, Ted
202, slow down, beta, Ghetto, Data, tilted, Vetta, Zeta, wheat, Tata, Yetta, Kata, Lata, Down, inclined, Stray, pen, Peta, Ceta, Kata, Reta, fool, tilt
203, slow down, Concrete, ghetto, Ditto, Heto, veto, Zeto, sting, tattoo, Yeto, like this, leto, Meto, net, Stu,his pen, Feto, Chow down, Keto, Reto, Shit, Teto
204, Atz, 16, Getz, Date, the 16, and 16, Zetaz, Hataz, Tetez, 16, as 16, letz, Metz, netz, Stez, Ataz, patz, tzez, Katz, Ratz, that 16, splash
205, I will, Probably, Gotah, Dash, the blow, And sure, grass, Hatch, Tash, will smash, as steel, mortar, salvo, smashed, Stah, Attah, an opening, succeeded, cut, Retach, Area, slap
206, Etat, sweet potato, ghetto, Dtt, the tat, and Tet, Zett, pimple, Tatt, Yatt, kett, Lett, Matt, Nett, Stat, pen, pett, quote, Catt, vibration, state, Tatt
207, slow, Betty, Getty, Dati, The tee, and T,Zetty, hatti, Tatty, Yeti, Katie, Letty, Mati, Netti, Stee, Pens, patty, Ceti, Catty, Retty, Shetty, Tetti
208, attach, in your mind, Gotcha, Detach, the tech, and tech, Zetch, a cut, Tetach, Yatch, as such, to tach, match, Natech, Stach, your pen, Petch, tsatz, Ketch, Retch, That's it, hit
209, Atl, void, Gatel, Detail, the dew, and Tal, Zettel, fallow, Tatel, will pay, as a dew, to dew, Matel, burden, Stel, calf, raspberry, tzel, slaughter, Rattle, Stel, will drop
210, seal, Atm, Getam, datm, the tem, And that's it, Zatem, Snout, Tatam, Yatam, as a taste, to tem, Matam, Netem, Stem, a pen, broiler, narrowed down, chopped,Ram, Damn, Tatam
211, Aten, Belly, Getan, Datn, Hetan, and ten, Zetan, Hattan, Tetanus, Yatan, cut, Laten, matan, Natan, Stan, Atan, paten, Cetane, Little, grunt, Devil, a thetan
212, Ats, Bets, Gets, Dets, flew, and flies, Zets, Hates, Tets, flies, flying, to fly, Mats, nets, Stas, pen, Pats, Cets, Kats, Rats, flying, will fly
213, Ate, in the garden, Gotta, dete, the mistake, and wrong, Zeta, a mistake, mistaken, will be wrong, Chete, to taste, plantation, planted, Ste, Ete, Peta, sorry, segment, rattled, I was wrong, be wrong
214, Ataf, gently, plucked, daft, the tiff, and tef, washed away, kidnapped, Drip, caressed,slapped, caress, fire extinguisher, myrrh, Steph, wrap, patt, swept away, picked up, patted, flux, splashed
215, atz, Betz, getz, Detz, the jump, and flew, Zetz, Hatz, Tatz, will fly, as a jump, Letz, Metz, Netz, Stitch, Ettz, Patz, pop up, Katz, rattz, ran, will fly
216, Attack, in tech, Gatek, Datech, the tech, and tech, Zatec, Hatak, Tatek, Yatech, as a tech, for tech, from tech, Netc, Stack, etc, Patak, tztak, Katak, Retek, Steck, Tech
217, ater, Better, Getter, Deter, Ter, and ter, Zetter, Hatar, Tatar, Jeter, Keter, Letter, meter, Monitor, a slap, Atar, Petr, Czar, locomotive, Ratter, bill, Tetar
218, Itch,Batch, gotch, dash off, the trash, and Tash, Zetsch, Hatch, Touch, itch, Ketch, polisher, Metsch, abandoned, Stash, sneeze, patch, tsesh, catch, Retch, blurred, Tash
219, slow down, you looked, you got, Det, tilt, and you, Zeta, chaff, tatt, Yetta, cut off, Lettuce, staff, you leaned, You deviated, pen, patty, you saw, Kate, shook, you're wrong, Tet
220, Aya, come on, ravine, Dia, She, and she, Zia, alive, Tia, Yea, As it is, Lea, Mia, Nia, Sia, Aya, Pia, came out, puke, Ria, record, Thea
221, Eve, sewer, Gib, Div, Heb, Vib, ziv, affectionate, quality, Yes, ulcer, Liv, Miv, dialect,fiber, tired, Phoebe, fiber, kiv, fight, Shiv, Tib
222, Ig, Big, gig, fishing, Hig, Vig, Zig, dialed, Tig, Yag, as, Lig, Mig, Nig, dross, anchor, Fig, showed, Keg, Reg, get, tag
223, misfortune, by hand, tendon, Did, the hand, Hand, Zid, a riddle, Ted, Yad, hand, next to, immediately, moveable, lime, Eid, Feed, hunting, kid, Reid, a hand, a stick
224, Aya, Bia, Gia, enough, was, Via, Zia, an animal, Tia, Yeh, Kiya, Leah, who is the, Nia, Sia, Aya, fairy, tion, Kia, Ria, Shea, tea
225, Ayo, Bio, Geo, ink, there were,Vio, splendor, lived, Teo, Yoo, as, Liu, Mew, New, Sioux, Ayu, his mouth, his fleet, Cue, Rio, Xiu, Theo
226, Is, biz, Geez, Diz, Heez, Wiz, ledge, chest, Tees, Yaz, because, Liz, Miz, niz, Sis, a goat, Fizz, cheesy, Keys, Reese, Shiz, thesis
227, brother, Bah, emerged, Dih, the, and live, indent, lol, plaster, Yeh, phlegm, phlegm, Mih, stationary, foal, Shit, soot, Sigh, took, smell, discourse, stick
228, slow, Bit, Git, Dit, Hit, Vit, Zeit, tailor, clay, Yacht, kit, Lit, Mitt, Nit, span, eagle, Pete, quote,kit, Rit, sailing, Tit
229, Islands, Bye, gay, enough, Hey, and wee, Zay, my life, Tay, Yay, because, Leigh, May, Nay, Sey, tired, Faye, a fleet, Kay, Ray, Shea, Tee
230, how, in you, quick, you, how come, And you, Zich, palate, Tich, yikes, like that, to you, Mitch, nich, pin, with you, your mouth, Cheeky, kitchen, Rich, Sheikh, you
231, RAM, Bill, age, deal, Hill, Will, Zill, force, missile, Yale, ICL, night, mile, Neil, Sil, Above, Elephant, target, Kiel, Real, Shell, wire
232, Im, in the sea, Gim, Dim, the sea, and sea, gill, Chaim, Tim,Sea, Chem, to the sea, water, Nim, SIM, um, Pim, Zim, Kim, rim, put, Tim
233, nothing, between, gin, law, Yen, Vin, dick, Khin, clay, wine, ready, Lynn, sex, great grandchild, China, eye, penis, Zin, Cain, Rin, Shin, fig
234, Is, a bite, brother in law, Dis, Hiss, Vis, Ziss, Hess, aviation, Yes, pocket, Lis, Miss, nice, groom, pulp, lottery, cis, kiss, eyelash, Shees, Thistle
235, Ia, expressed, arrived, Dee, hey, and hey, sweat, live, stick, Yay, smothered, Lia, mouthed, moved, faction, Tired, fie, suggested, Kie, roared, Shia, Tia
236,If, Biff, GIF, Diff, Hip, Viff, bristle, Hif, Tiff, nice, fun, Leaf, Miff, waved, sword, fatigued, Pip, Float, kif, riff, Schiff, nice
237, speed up, Beach, miller, diet, Hitz, Witz, Zitz, barrier, Titz, Yitz, summer, heald, juice, Nitz, Sitz, egg, Fitz, peep, summer, Ritz, Sheets, squirt
238, Ick, Bik, Geek, Dick, Hick, Vic, spark, lap, teak, Yak, Kick, Lick, Mick, Nick, Sec, Eik, Peak, Tsik, Kik, blank, Chic, Bag
239, Ir, Beer, Gere, pen, Hir, Weir, an arena, freedom, Tyr, shoot, sink, Lear, Mir,Nir, pot, City, shaft, axis, wall, mucus, A poem, shoot
240, man, bad, Gish, threshing, there is, and there is, Zish, quickly, Tisch, there is, Kish, Lish, Mish, Nish, sish, Wain, fish, Tish, quiche, Rish, That, goat
241, With, Home, Git, religion, was, With, olive, an animal, Tit, you will, class, Lith, dead, Nit, Sith, time, Pith, fire, Keith, Rit, Shit, give
242, aka, Baka, Gacha, depressed, This one, And so on, entitled, Haka, Tcha, Yaka, like this, to here, Macha, crippled, Saka, aka, Pacha, Tchaka, Kaka, Rekha, That's right, you will
243, Akhab, in the evening, star, Dakhb,Turn off, and so on, lay down, Heck, type, shut up, as a star, turn off, Maccab, turned off, layered, delay, Facab, sat down, star, vehicle, lie down, shut up
244, Acg, in Kg, ggggg, DKG, the, etc, zagg, Hakkag, Tcg, as, as, to kg, from kg, as, Sag, Aeg, FCG, watch, Kahg, Rakhg, that, you will
245, Akkad, in an urn, Gakkad, depressed, the pitcher, etc, Zakad, Hakad, tachad, how, as such, captured, from a pot, grandson, synagogue, Akad, Pachd, tchad, Kakad, walked, that, forever
246, hit, cried, Gacha, subsided, hit, And so, won, Fishing rod, Techa, will hit, So, lacquer, blow, handicapped, brush, now, Pekka,wait, Kaka, soft, That's it, hit
247, acho, cried, Goko, calmed down, hit, and so, won, wait, Techo, hit, Like that, go, hit, disabled, Su, Acre, Peko, wait, kko, soft, sat down, you
248, so much, in the, thirty, Dakhz, the, And so on, moved, wait, sixteen, so on, as such, to that, from, Nakhz, Sack, Ez, Fifteen, check up, 13, coordinator, That's it, so much
249, yes, forcibly, Rejected, suppressed, Power, and proof, forgot, forget it, chastised, yes, force, power, attest, present, forget, right, sober, sober up, Banished, passed out, forgot, deny
250, Echt, Becht, Gecht, plywood, Hecht, and eight, Zecht, Hecht,Takht, a yacht, as, Licht, mecht, Nacht, Schecht, genuine, Pecht, zacht, Kacht, Recht, Shecht, plank
251, Achi, crying, Gaki, Daki, the most, and that, win, wait, techie, Yay, like that, go, Mecca, disabled, agree, Acre, mouth, wait, Kaki, Rakhi, shut up, shut up
252, like that, in so doing, you, thus, this way, and so, zachak, scab, like that, so, like that, for that, from that, We will, thatch, yours, so, yours, thatch, soft, That's it, so be it
253, food, in all, Gahl, discouraged, Everything, and all, clever, wise, Techel, could, As much as, to all, tank, a scoundrel, foolish, digested, Pachel, wise up, Kachel, gossip, cerebro,eat
254, you guys, in you, your, yours, you guys, and you, smart, smart, your, you guys, like you, to you, radar, you, agreed, smart, your mind, smarten up, come up, Rachem, shoulder, you guys
255, indeed, well, a fence, Dekan, ready, also, old man, Haken, did, where, Yes, so, then, Yes, a poor man, Akan, Pechan, shrunk, a stand, bent down, Neighbor, design
256, Achs, on the throne, a ridge, duke, the throne, And a throne, check, a lock, ceremony, yikes, as a throne, to the throne, Customs, asset, sex, buttock, Pex, czech, Cash, ridge, About, cover up
257, I will, in the, now, now, the, and now, won, Heck, tke, will be, like this, for now,after, We will bow down, Sacha, aka, fell off, shuddered, Kake, today, now, you will
258, saddle, in a spoon, a spoon, dachshund, the spoon, and a spoon, immediately, soon, a spoon, soon, about a spoon, per spoon, spoon, applied, a spoon, a heel, flip flop, quick, shackled, a shoe, soon, soon
259, I will be crushed, Bechtz, squat, Dachtz, Katz, and Katz, zakat, Heck, Tachtz, Yatz, Kachtz, Lachz, from Katz, Nechtz, a shed, I will whine, Pachtz, click, cut off, bowed, Schachtz, Shout out
260, Akka, Bechk, lol, pressed, the poop, And so on, Zakk, scratched, Thack, Yak, like that, Lech, from a mite, hurt, gap, ache, peck, chuckle, lol, soft, shut up, a little
261, farmer, Bachar, Gacher,Dekar, recognition, And so on, male, rent, Takher, Acquaintance, square, Lechar, sale, foreign land, dam, cloudy, Fakhr, Sadness, Kachar, Recher, wage, you will know
262, Tonight, in a pinch, Gachsh, Dachsh, beat, And when, saved, Hiccup, slop, thatch, when, for a while, winch, weed, Sash, Now, gnat, twitter, straw, procurement, That's it, Tash
263, aunt, you cried, Gott, you died, the cult, and sect, you won, Wait, Takht, sect, as a cult, gone, a blow, disabled, Sect, you have eaten, Pekat, You came out, ketch, soft, Sect, melt
264, But rather, without, find out, Della, isn't it, and no, Zla, Shit, Aries, no, prison, with no, full, full, Salah, Ala,wonder, Grilled, a prison, Rela, no, fill up
265, Alb, in the heart, barber, Delev, the heart, and heart, Zelav, milk, Telev, Ylav, Dog, to the heart, from the heart, Nalev, celeb, a disgrace, Pleb, cross, kennel, Relav, stage, heart
266, Alg, Blag, Galeg, skip, Helg, and Leg, zaleg, snowed, Teleg, will flow, as snow, to lick, boiling water, Nalg, slag, a dog, faction, ice, Clegg, Releg, snow, snow
267, Eld, Balad, scab, Daled, the led, and a child, Zeld, rusted, Tald, Boy, as a child, to give birth, since birth, was born, salad, on D, Feld, sled, Type, Reld, skeleton, give birth
268, goddess, Bella, find out, poor, come on, And her, zela,Applies, lamb, Yala, All the, Lala, word, Nela, a basket, Increased, Fella, shadow, easy, Rela, its, hang up
269, these, excise, find out, lean, hello, Even if, cheap, fell sick, Aries, Yello, all, Lelo, Melo, Nello, Salo, came up, Flo, cello, Clow, Relo, His, hang up
270, Elz, Belz, Glaze, Deleuze, Helz, Velez, Zalez, Chalaz, Tellez, Illez, Such a thing, to Lez, Melz, Nelz, Selz, Elz, brass, Celez, Kelz, Ralz, That's it, Telz
271, sepsis, wet, shaved, Dehl, the moisture, and moist, slipped, Halah, sloppy, Willow, a must, get wet, Salt, humid, forgive, Alach, segment, successful, cob, Leh,Send, brackish
272, alto, ballet, Galt, Delt, Helt, and lat, zlat, decided, Tallet, Yelts, input, to let, cement, Nelt, salad, Elt, output, Salad, input, Relat, Remote, Talat
273, to me, without, jelly, Aquarius, Heli, and me, Zellie, ornament, Tali, Yili, tool, to me, Melli, Nelly, Sally, pestle, Peli, roast, Kelly, Raleigh, My, hang up
274, I will go, your son, Glech, poor, Gone, and go, yours, slipped, talc, will go, That's it, to go, king, we will go, go away, on you, spindle, slice, easy, Relch, your, go
275, God, in a mess, because of, thinned out, praise, and to, glutton, space, Talal, howled, rule,lol, Melal, Neal, basket, Ell, Fell, dive, curse, Ralal, loot, mound
276, muteness, brake, raw, Delam, shock, and lm, Zelem, dreamed, Talm, silent, All of them, Lam, Malam, Nelem, a ladder, youth, Flem, photographer, Clem, Ralam, whole, rut
277, Alan, bath attendant, Glenn, Delon, Helen, and to, Zelan, Halan, Tlan, Yellen, All of them, Lelan, Melan, Nelan, Selen, Alan, Flan, cellist, cologne, Relan, theirs, Talan
278, Els, Blas, Glass, Dalles, Hellas, Wells, Zeles, Halas, Teles, Yells, any, Les, Mels, Nels, Celes, Els, leveler, Selas, derision, Rales, Shelas, Thales
279, All of them, swallowed,discovered, pumpkin, the mouth, and to, left, sloppy, Aries, Yela, caught, swallow, Mela, Neal, Sela, Ale, Flee, rib, slingshot, Rale, Shala, a worm
280, Thousand, Bluff, carver, leakage, pull off, and roll, zalf, passed, hoof, Elf, sunburn, to wrap, Melf, Nelf, Salaf, a thousand, fluff, sniper, Judaica, Ralph, stubble, lost
281, Eltz, Baltz, Glatz, Daltz, Heltz, Welch, Salz, extract, Talz, Yelts, Keltz, Letz, recommended, had to, salad, Eletz, farted, clicked, Kletz, Raltz, Schlitz, get away
282, Alec, Black, Glek, fuel, the nail polish, and Lek, Zelk, Part, talcum powder, Yelk, each, nail polish, Malek, nail polish, beet,Alek, Fleck, scar, click, Relk, shelk, taluk
283, Eller, Baler, Geller, Dollar, Heller, Weller, Zeller, empty, Teller, Yeller, Keller, Ler, Meller, Neller, Seller, Alar, Fleur, Zeller, Keller, Reler, Scheler, Thaler
284, Alesh, detective, surfed, Dill, the pulp, Welsh, slip up, weak, Talesh, Yelash, any, to chew, Melesh, Nelsh, slush, on that, flash, shadow of, Klash, Relish, Three, rip off
285, a goddess, Not, found out, door, the heather, and to, left, you got sick, Lamb, Yilat, bride, Lalat, a word, Nelat, a basket, rose, Pelat, roast, easy, Relat, Shelt, three
286, mother, Bama, Gamma, Dama, Ma, And what?,Zma, butter, unclean, Day, as a, why, from mom, withered, Sama, mother, Fama, thirst, Kama, cheater, perhaps, Tama
287, Amb, Bamba, Gamb, Damb, The Mev, and Mb, Zamb, Hamb, Tamb, Yamb, Kamb, Lamb, Memb, Nemb, Samb, Emb, Pemba, Tsamba, Camb, Ramb, Shamb, Tamb
288, Amg, in Mag, Gam, Damag, The mag, And Mag, zamg, Hemg, Tamg, Yamg, as mg, to Mag, from Mag, Nemg, Samg, Amg, PMG, tire, Kmg, Ramg, Shemg, Tag
289, measured, in gauge, dwarf, Dim, The gauge, and meter, zmed, cute, tamed, measured, as a measure, learn, dimension, measured, Samed, Stood, Pam, pair, Kamed,Ramed, destroyed, mead
290, aqueduct, in what, a dimple, dummy, hmm, and what, lewdness, rage, Tama, lake, Some, Why, from what, Nema, Sama, with her, pama, braid, got up, level, her name, theme
291, emu, in his, Gamo, his blood, the mo, And Mo, his time, warm up, Temo, Yum, same as, Mo, from me, Nemo, Samo, with him, Pomo, fasted, get up, Ramo, His name, ended
292, Amaz, in Maz, Camus, Demez, the mez, and mez, buzzed, Hamz, Thames, Yamez, as a, for mez, lucky, Nemez, Samz, Amaz, pumice stone, buzzed, Kamez, Hint, Shemz, Thames
293, Amech, in the brain, millet, Damach, the brain, And a brain, sprouted, Hamm, seasoning, fast,as flour, starch, marrow, We will be happy, Samach, Amah, flour, plant, flour, spear, happy, an intern
294, Emmett, in Matt, gamete, Demet, The Met, and met, Zemat, Hammett, dumbass, will drop, as a mate, Lemmt, Memmet, fell off, Smt, Emmett, femt, squeeze, wrinkle, Ramet, left, Temat
295, My mother, in whom, reed, bloody, the water, and who, zami, my father-in-law, Tammy, maritime, as, whom, from whom, Nami, Sammy, my people, Fami, Tami, Cami, rummy, My name, Tammy
296, your mother, in you, you too, your blood, the mech, and from you, your time, warm, Tamach, your day, like you, Lemech, from you, you fell, trust, with you, your face, your braid, get up, Ramach, Your Name, support
297, Amal,in Mel, camel, Damel, The mel, and Mel, Zemal, compassion, tamale, Yamel, Kamal, to Mel, mumble, port, symbol, labor, Pamela, Take a picture, withered, sand, left, Tamal
298, their mother, in meme, gm, bleeding, Hmm, and from, muzzle, warm up, clean, day, how many, to the meme, meme, fell asleep, a drug, muffler, Pam, fasted, got up, lift up, their name, Innocent
299, Amen, Beman, Gaman, Daman, the manna, And from, time, Haman, Teman, Yemen, as, to whom, finance, Neman, cursor, with them, Feman, Tsman, Kamen, Ramen, Fat, Taman
300, Ams, No, Gems, Damas, the tax, and tax, Zams, violence, Tems, will melt, as tax, to tax, solvent, melt,SMS, a load, Pams, Tms, Cams, Rams, No, will melt
301, mother, in the, gulped, tear, the, and from, voice, Hama, assimilated, yama, as if, to drool, Intestinal, received, heard, a nation, suddenly, a sign, charm, Rema, Audio, absorb
302, Amph, on the map, Gamp, Damp, the map, and a map, zamp, Hamf, Temp, ymph, as a map, to map, from a map, nymph, Samp, Amaf, Pump, Pimp, camp, Ramp, Shampoo, Tempf
303, adopted, in Metz, Gametz, Dametz, the Metz, and Metz, Zametz, leaven, Tamez, juice, as much, Lemtz, exhaust, Nemetz, a hint, Emetz, Pametz, Blink, pinch, Rametz, trace, extract
304, Emek, in Mac, Gamke, checkered, The Mac,and Mac, Zamak, slipped away, Temek, Yamk, As Mac, For Mac, From Mac, necrosis, blush, valley, Pamak, dried fruit, Kamek, Ramek, Shemak, supported
305, said, in mr, final, Demar, convert, and mr, Singer, clay, Tamar, bet, priest, to mr, affliction, Leopard, Samar, Amar, Pamer, wool, a vault, Ramer, kept, Tamar
306, last night, in the net, flexible, Damascus, Mish, and from, suede, five, Tamesh, real, almost, for real, really, freckle, Smash, Amash, five, Chams, Kamesh, insect, sun, NOP Q
307, Truth, on the stage, Gemmat, Dummy, the dead, and died, fornication, Hamat, Temat, will die, quantity, to the dead, from, died, Samat, Amat, Pat, a braid,got up, Ramat, who died, you died
308, please, Bana, Gana, Dana, Please, and here, fornication, Hana, basket, Yana, Cana, Lena, Mena, Nana, Sena, answered, pana, Cena, Jealous, Rana, hated, Tana
309, Anev, Benev, Thief, Danev, the dialect, and Neb, a tail, snitch, Tenv, Yanov, a thief, Lenav, Manav, Naveb, Snev, grape, Panev, tail, hemp, Ranev, Shenab, Tanov
310, Eng, Bang, Gang, Deng, Heng, and Ng, Zeng, Heng, Tang, Ying, Keng, Lang, Mang, Nang, Sang, Eng, Feng, Tseng, Kang, Rang, Sheng, Teng
311, And, Band, Gend, Dand, Hand, and Ned, Zend, hand, Tend,Yand, Canadian, Land, Mand, Nand, Sand, put on, Pand, Zand, Canada, Rand, Shand, swing
312, Anna, Build, a garden, Dana, here, and na, fornication, Hana, Tena, Yena, honest, Lena, dose, Nana, bush, answered, turn, Tsana, barrel, Renee, sleep, give
313, we, they built, Gno, we discussed, He is, and we, whore, camped, Tano, yno, honest, us, Menu, Nano, Snow, answered, turned, Tsano, canoe, Renault, We changed, let
314, Enz, Benz, archivist, Danz, Henz, and Nez, move, Hanz, Tenz, Yaz, Kenz, Lenz, Menz, Nenz, Sanz, Enaz, penz, censor, Kenz, Renz, Shenz, Tanz
315,Sigh, in rest, moaned, Danah, the assumption, and rest, abandoned, He sighed, Tanah, will rest, Kannah, to rest, position, rest, snort, Anah, snorted, parachuted, snorted, moaned, rest, rest
316, Ant, Bennett, Ghent, Dent, the net, and Nat, Zent, an amulet, Tent, Ynet, Kent, Lent, Ment, Nantes, senate, Ent, Fant, a cent, Kent, Rent, Shant, Thanet
317, I am, my son, Gardens, Danish, Henny, and Ni, varieties, Hani, Tenny, Yani, My name, Lenny, Manny, nanny, Sani, poor, penny, Tsani, Kenny, Rani, Crimson, give
318, plumb, your son, your garden, Danach, you are, and you, Zenach, educated, Tanach, Yanch, yes you, to you, from you,Nanak, Sanch, cloud, Panach, your child, Kenach, Renach, your year, give
319, Anel, Bennell, Genl, Danel, Hanel, and Nell, Zenel, Hanel, Tunnel, Yanel, same as above, Lenel, Manel, Nannel, Snell, Anel, panel, Tsenal, Kennel, Ranel, Chanel, Tanel
320, are, their son, a garden, acre, they are, and they, their breed, gratis, tonnage, will sleep, Yes, to them, from them, napping, Snam, a cloud, Penam, Tzanam, Kenem, Renam, that night, give
321, Anna, Banan, gardener, Danan, here, and Nan, a variety, Hanan, Tanan, Yanan, capstan, Lena, from where, Nanan, filter, cloud, Penan, chill, Kenan, Renan, denture, give
322, rapist, in a miracle, Genes, Dens,the miracle, a miracle, zens, Hanas, Tens, Jens, conference, a miracle, a miracle, dwarf, Sens, Ens, lantern, cut off, fine, Rance, Schance, Try it
323, Ana, built, guilt, Dana, propulsion, and moving, fornication, Chana, set off, move, submit, to move, prevented, moved, Sane, Ana, pana, austerity, kena, Rana, moving, momentum
324, snipe, in Neff, a swindler, Danf, swing, and wave, vine, flattered, Tanf, will lift, wing, to sift, a lever, wave, a branch, branch, fanf, Tiara, Knaf, Ranaf, vanilla, swing
325, Antz, Benz, Gantz, Dentz, the hawk, Wentz, Zanz, a hawk, Tanz, Yntz, as a hawk, Lentz, Mentz, Nenz, Senz, Entz, Fentz, twinkle, Kentz, Renz, lace, a hawk
326, Ankh, Bank, Genk, Dank, Hank, and clean, Leap, suffocation, tank, Inc, Knack, Link, Clean, Naan, a snack, Giant, pamper, Tsang, Cank, Rank, Shank, clean up
327, Enr, banner, gener, Denar, the candle, and candle, zener, Hanar, Tanner, Yener, violinist, for a candle, from a candle, Naner, apron, Aner, Penner, Tsner, Kenner, Renner, Schner, Tanner
328, a person, in a woman, Ganesha, Danesh, the woman, and a girl, Zanesh, Hansh, Tensh, Yanesh, as a, to a woman, Manesh, we will eat, Sensh, punishment, Panesh, sneeze, Kensh, Renesh, that we, give up
329, you, daughter, garden, Dant, here, And Nat, fornication, Hanat,Tenet, you will, sincere, to Nath, portion, Nanet, a year, Anat, turned, a cold, Kenneth, Ranat, Year, gave
330, Asa, in Sa, Rough, Dasa, The Sa, And sa, Zsa, Hasa, Tsa, Isa, chair, to sa, Masa, Nasa, Sasa, Asa, pesa, Tsa, Xa, Rasa, Shasa, Tsa
331, Assembling, in grandfather, Gesev, Desb, the grandfather, and and, Zsev, Hassab, Tsev, will turn, as a grandfather, Lesbo, bearing, revolved, ssev, Moss, PSB, Cessav, Kasab, Resev, Shasb, you will
332, assg, in the seg, Gossag, Desg, the seg, and sg, zag, spared, Tesag, Yesg, as sg, to sg, alloy, retreated, Sage, preoccupation, Peak, Tsag, Cassag, Rasg, Shasg,shut up
333, Assad, in a brace, body, sandal, the brace, brace, Zsad, grace, Tsed, founded, brace, to brace, foundation, a foundation, a scaffold, Assad, loss, Tsad, helmet, Resed, splint, brace
334, Asa, Basa, rude, Desa, Hesse, Vesa, Zsa, lettuce, Tessa, Ysa, cover, Lesa, mass, Try, Sessa, massage, slice, Tsesa, Cassa, thin, Shesa, Tessa
335, Ace, in su, rude, Desu, the Hsu, And Sue, move, protect, fly, Jesus, cover up, to su, His tax, They escaped, Sasso, massage, peso, fly, Xo, Reso, Shasu, Tso
336, ass, Basz, Gosh, Desz, the move, and Sez, move, Shaz, Tesz, will move, ass, to move,Messer, moved, sizzle, Ez, Passage, sizzle, sixteen, Resez, move, move
337, Asah, in Sah, Gossip, Dash, divert, and sah, got up, Hash, Tsah, Yessah, mow, to push, Smear, Drafted, Sasah, busy, Passover, Scythe, Xax, Rasach, Shashah, get bored
338, Asst, in the set, Guest, Dest, the set, vest, zest, Hast, test, Yest, as a set, for the set, Set, Nest, Sest, ate, Fest, Cest, Kast, Rest, Shast, shift
339, Ace, Bessie, rude, Desi, The C, and V, Zesi, Hassi, Tessie, Yesi, Ksi, to Si, Messi, miraculous, Sassy, Esi, striped, Cesi, Cassie, Rasi, chassis, Tesi
340, asch, in total, rude,Dasch, total, and total, Zach, save, flew away, will cover, amount, to total, screen, libation, Sacha, business, Passover, You're crying, Kash, Rasch, that total, close
341, yoke, in the basket, Gessel, Desal, the basket, and a basket, Zessel, eliminate, Tessel, Issel, a basket, to the basket, a basket, Nessel, a basket, Donkey, statue, a chair, Kessel, Russell, a basket, Thessalian
342, barn, in Sam, fat, Desam, the drug, and Sam, Zem, block, Tsem, Ysm, as a drug, to Sam, from a drug, Nesem, Sesame, asam, Pesm, Tsem, magic, published, Sam, Sam
343, Essen, in San, Gessen, Desan, the sen, and San, Zasen, Hasan, Tsan, Yesen, Kasan, to San, Masan, Nesan, Sasan, the food,Pasan, Cessan, Xen, curb, Shasan, Tessan
344, ace, base, dying, mash, Hesitate, Wess, move, Hass, Tses, hesitated, Hassle, Hesitate, Mass, hesitate, Sess, juice, Pess, see you, Cass, spray, hessed, fizz
345, I will travel, on the go, a rush, Dasa, Drive, and drove, moved, cut off, traveled, will travel, a trip, to travel, a journey, traveled, drove off, ase, step, He walked, cut off, raced, cleft, drive
346, Asaf, on the brink, Gsaf, Desaf, the threshold, and a threshold, Zesaf, Hesaf, Tesaf, answered, Of money, to the threshold, Threshold, added, Sesaf, branch, Psaf, Tsaf, magic, Resaf, Shsef, add
347, Ast, Bast, Gast, Dass, He sat down, and sats, Zests,Hasts, Tests, ists, as a, last, Masts, Nasts, Sess, ass, Phaszt, Shhh, cast, rusted, Shass, you will
348, Esq, in sec, Gask, Desk, Sec, and sec, Zask, made a deal, Task, Isk, as a, Lesk, conclusion, took off, Sask, Business, Ruling, Tsak, Cask, puree, loquat, deal with
349, banned, Besser, bridge, Deser, Remove, And sir, Zesar, short, Taser, regret, Kasar, Lesser, A message, a saw, Sesser, Aser, Passer, Caesar, Kesar, Reser, Shaser, remove
350, I will ask, Bsesh, Gosh, Dassh, the hash, And sesh, move, Parsley, Tessh, Yesss, assh, to sesh, touching, Nsesh, Shhh, Ess, Passover, Shhh, Cassava, rumbled,Shhh, Hassle
351, Est, Seth, rude, Dast, August, Menses, you moved, lettuce, you flew, yest, quilt, jaw, Mass, you tried, Sestha, you ate, You missed it, Tsast, inkwell, rast, Sestha, you will
352, Aaa, Baa, Gea, Dea, the, And a, Zaa, Haa, wrong, Yea, Kaa, to the, Maa, nice, Sa'a, Aaa, Pea, howl, Kea, bad, Shaa, come on
353, Aeb, in the thick, Geb, bear, the thick, and thick, anger, abominable, natural, Yab, Kaab, Go ahead, thick, We're moving, Saab, foggy, Fab, sad, Keev, hunger, Shaev, thick
354, mock, in derision, taunt, a fish, the taunt, and taunt, raged, holiday, Teg, mocking, mockingly,mockery, Meag, teasing, Saag, mocking, expired, shouted, keg, Reg, Shag, tease
355, Aed, for, Ged, Dead, the witness, Committee, Zad, sharp, Ted, target, as a witness, forever, lapse, Nad, welfare, witness, Fed, step, stepped, tremor, until, Document
356, ah, expressed, arrived, opinion, the hour, Oh, perspiration, Hea, was wrong, dustpan, now, Leah, Maa, moving, drive, Aaa, beat, Tsaa, Kea, evil, hour, get lost
357, Aeo, in, arrived, know, the, And, Be moved, Hea, were wrong, Yea, so, to, twisted, moved, drive, moved, act, walk, Keo, graze, an hour, go astray
358, I dare, goat,Ges, Dez, the goat, and goat, shocked, Dare, Tez, dare, as a goat, foreign language, Dare, Dare, Sez, Dare, Faz, zaez, cheese, angry, Shaz, dare
359, Aah, Animal, Gah, fade away, the hearth, and eh, groaned, lol, tricked, Yeh, angry, laugh, Brain, keep quiet, Saah, Aaaah, Peah, yelled, stubborn, a smell, fun, heck
360, I will, Pen, Got, Det, the pen, and a pen, Zet, hit, Tet, pen, a pen, pen, A little, Net, Seth, kicked, fat, step, Ket, shook, swam, a pen
361, Ai, problem, gay, know, the eye, And, Zai, alive, wrong, Yea, as usual, to my mouth, bowel, moving, Sai,Ai, Pai, Go ahead, Kai, my bad, Shai, Go ahead
362, squeal, squeal, your touch, faded away, the mash, and, cried out, Heh, was wrong, Yach, pretzel, Leach, crushed, Nach, run away, gnaw, Peech, shouted, kech, your neighbor, shrunk, pee
363, I will go up, husband, gel, Del, the super, and on, Zel, Chal, tel, Yael, as, to the, above, shoe, Sel, a goat, act, a cell, Kael, poison, on, channel
364, a people, in the nation, moan, Dem, The people, and with, Wrath, Ham, taste, yam, as a people, to the people, from a people, Noam, Sam, a people, time, Thirst, kem, Thunder, cork, with
365, I will answer, Ben, Gen, Den, answer, and answer,see, han, claim, ostrich, khen, Len, address, naan, an awl, answered, Pen, ten, ken, fresh, watchmaker, answer
366, angry, Bes, guess, Des, the anger, and, angry, angry, Tess, yes, anger, chewed, massage, Ness, Sess, angry, step, Zess, Kes, Res, sat, chew
367, aaa, baa, touch, know, the, and, sweat, Hea, was wrong, Yea, now, lick, Ma'a, moving, split, Eee, beat, a foot, dented, bad, an hour, I'm sorry
368, will fly, in flight, gasp, page, the flight, and fly, rage, Gone, hit, volley, fly, to fly, flying, blown away, section, flew, flutter, scarf, kef,tile, that flew, will fly
369, advise, in a tree, Getz, fell off, the tree, and a tree, zatz, Hataz, Tetz, advised, as a tree, to the tree, from wood, thumbtack, Setz, advised, burst, Tzatz, cut off, rattle, a tree, advise
370, Aek, in the corner, Gek, Dec, the neck, and, cried out, intruded, Tech, Yaak, as a heel, Lak, Mac, will move, Sec, stubborn, Pack, yelled, kek, Rec, Sheak, bark
371, Aar, burned, Ger, Der, wake up, and awake, Zer, sorry, ter, forest, Khar, to the city, a mountain, boy, storm, awake, gap, grief, syncline, Rer, Gate, razor
372, fire, in a moth, volcano, dash, the moth, and moth, rage, fire, made a mistake, will do,as a moth, to the moth, action, done, Sesh, Moth, Pesh, cut off, Kesh, Noise, Moth, will do
373, time, phobia, you arrived, knowledge, the time, and time, Zaat, now, you were wrong, when, now, for the time, from, moving, you drove, Aat, a time, you walked, Ket, bad, an hour, Aat
374, Father, in Fa, Gafa, Dafa, The Fa, And fa, Zappa, Hafa, tapa, Jaffa, Kafa, to fa, Mapa, Napa, spa, Afa, papa, Safe, froze, healed, Spa, heal up
375, Afb, at the pub, Gafab, Dfb, the pub, and Pv, zafev, Hefab, Tapp, Yafb, a glove, to the fb, Mfb, Nefev, Spb, Aaf, Pepb, a snake, Kefab, Rev, Shepv, Tabb
376, Afg,at maturity, Gaggle, Dapg, premature, and expired, Zepg, celebrated, Tapeg, will expire, expired, to expire, from, expired, absorbed, Afag, Pepg, Monitor, kepg, Repag, expired, expire
377, Ephed, in Fed, gafad, scroll through, Fed, and Fed, Zeped, Hepda, tpad, Ipad, a pad, to Fed, Paying off, redeemed, lamentation, Afed, Peppa, Starfish, be careful, upholsterer, a spear, Tafed
378, nose, in the mouth, a limb, a page, the mouth, And here, Zappa, Haffa, tap, Beautiful, palm, here, from here, sieve, sofa, flying, Peppa, watch, coffee, weak, language, Taffeta
379, his nose, in Po, his body, Dafoe, the po, And poo, Zepo, Haffo, tapo, Jaffa, forced, to mouth, Map, Nefo,Spo, fly away, Papo, watch, Capo, relax, Shoo, take off
380, Apaz, in the price, jumped up, typeface, the gold, and a reward, sped up, in a hurry, Tefez, Yafz, leapt, for free, reward, Nefz, Spez, Afz, Papaz, click, jumped, Rapez, Shapz, a tomato
381, A smoker, in the trash, Gaff, push, the bin, and trash, tin, tin, pat, tinker, as a waste, into the trash, disappointment, volume, attachment, Aff, tin, slate, deprived, Rafah, a slave, swelling
382, Apt, Bapt, Gaft, Daft, Heft, and Pat, Zeft, Heft, wallpaper, Yaft, Capt, to Pat, Matt, oil, Sept, Eft, Pept, zapat, Capt, rapt, judge, tapestry
383, epic, in my mouth, body, pages, Happy,and mouth, Zephy, Hafi, Taffy, beautiful, as, as per, from me, Nephi, liminal, Afi, Pepi, expected, Kaffee, Rafi, Shafi, Tap
384, your nose, in your mouth, your body, your wallet, opposite, and so on, your semen, Hefach, tap, On the contrary, a slipper, Therefore, a ruler, your hand, Spek, Afar, Papach, swashbuckler, Kaffe, soft, estuary, spilled
385, Dark, in fl, Gafel, Depl, the fall, wafer, Zeppel, Hefel, take care, will fall, multiplication, for fl, waterfall, Fell, cup, Afal, Papel, spelt, fold, rappel, low tide, Insipid
386, their nose, in Pam, a tree, Dem, the fam, And Pam, mustache, warm, Tem, Japan, a handful, before, from Pem, their breath, spam, Ofm, Pepm, tsapm,Capm, rapham, mustache, Tafam
387, Apan, in face, vine, a wall, the face, and face, zapen, a handful, Tapan, Japan, famine, to face, Mapan, Nephew, sailor, opening, Papen, coder, cap, Rafan, rabbit, turn
388, zero, in the pass, Plaster, Print, the stripe, and pass, Zeps, Heps, climbed, Yaps, a catch, to pass, Pass, Neps, Seps, Off, peps, Cheps, Caps, Reps, sheps, catch
389, nothingness, at once, Gefa, Depa, the time, and fe, Spleen, Hefa, Tap, Yappa, a fist, to the mouth, a blow, moved, plenty, Efe, Pepe, viper, kefah, Rafa, abundance, a fluke
390, aff, Buff, Gaff, page, Pf, Phew, Zeff, overlapped, tap,nice, flexure, Lepp, a map, waved, Saff, fly, Phew, squished, Kaff, Raffa, Pef, pop off
391, hit, with a bang, bounced, a bang, spread, and burst, exploded, object, popped up, Shattered, jumped, burst, maul, detonator, splashed, Etz, exploded, popped up, jumped, Retz, renovated, spread
392, Afek, in a pinch, goiter, knocked, produce, and peck, goiter, heck, knock, will produce, cup, produce, producer, issue, Doubt, Afeq, Pepf, peritoneum, Kefak, elbow, nipple, produce
393, ash, Fr, Gaffer, Defer, Fr, and a violation, zapper, dug up, claw, will violate, Village, Fr, violator, Nefer, Book, dirt, Pepper, ornithologist, caper, a rapper, improve, seam
394,here, in Pesh, Gepsh, Depeche, Hesh, And Pesh, Zepsh, Search, goofy, Yes, slander, to pash, Mefsh, soul, Spesh, now, Peppa, look up, Kepsh, slime, Shesh, catch
395, oven, in the mouth, Gaft, a sheet, the mouthful, and a mouthful, tar, cuff, Taffeta, Japheth, knot, turnip, map, Subdistrict, sofa, you flew, Papet, Zefat, Kafta, cowshed, language, You're a fool
396, i will go out, get out, get out, leave, get out, and get out, get out, half, Tatsa, came out, come out, get out, found, we will go out, get out, come out, pay off, come out, assign, ran, come out, come out
397, I will, in a turtle, carved, Dtsev, the turtle, and a turtle, Zetsev, squill, arranged, stood, as a turtle, turtle, Situation,quadrature, set up, Nerve, Ftsev, Tzatb, rate, row, turtle, place
398, representative, on the monitor, a roof, observed, Show, and showed, appeared, Hetzeg, Tzag, represented, as a monitor, monitor, display, a representative, display, design, Pzeg, monitor, end, Rzeg, that showed, Display
399, side, aside, Gadd, where, the side, and party, zadz, one sided, Tsad, where, as a side, to the side, pillbox, sided, Sajdah, side, Psad, Tzad, kezd, trembled, who hunted, side
400, seaweed, marsh, Gotza, Detza, fire, and, Zetta, crossed, Tza, Yitza, a little, Letza, Matzah, a hawk, Seta, advice, made up, popped up, end, ran, she swam, tzata
401, Acco, by order, get out, Detso,the order, and order, get out, crossed, Tetsu, ordered, as an order, to order, commandment, Natsu, Setsu, advice, get paid, popped up, cut off, wanted, ordered, order
402, I will go, at night, cut off, Decez, the tzaz, And Cz, move, Chasz, Tzaz, Izzy, as a, to tzaz, matzez, Let's go, sez, Azaz, exploded, sizzle, cut off, Retz, Shatz, get up
403, I will win, in the snow, gotcha, Datz, the fresh, and fresh, won, Hiccup, Tash, won, as cold, to shine, forehead, Eternity, Sacha, ace, cracked, brushed off, cut off, murder, clean, win
404, I will, Bts, Got it, Dec, Cet, and Ct, cite, a half, Tzet, will come, Kzt, to see, adj, Nts, Set, acet, firecracker,twitter, cut off, Rect, Shatz, you will see
405, Ace, in the fleet, Getsy, Desi, the fleet, and a fleet, zazi, Half, Tatzi, Yitzy, as a fleet, to the fleet, a fleet, a hawk, Sci, woody, Patsy, pop up, end, I ran, a fleet, fire
406, your speed, in you, your roof, you died, the fire, And so on, zacht, cut off, Tzach, a hot, as you, to pour, Mechach, Gnatch, Sachach, your bone, Pechak, appeared, edge, ran, Shatcha, you will pour
407, at, Onion, Getzel, Decel, the shadow, and shadow, Zazel, lazy, Tetzel, Yitzl, as a shadow, to shade, shady, take advantage, Scel, lazy, shale, rang out, Ketzel, Ratzel, shadow, shadow
408, I will speed up, in fasting, a trunk, Decem, the fast, and fasting, Zetsam, a block,Tzem, fasting, as fast, to fast, a jam, Nezam, Szem, Closed, Petzm, cut down, edge, ran, Fasting, fast
409, runner, kid, a jerk, Detzen, the turban, and a freak, a scumbag, a brat, tzen, a clown, a jerk, a clown, a bastard, bud, scene, lignin, a freak, voyeur, a freak, a runner, a clown, a clown
410, Aces, Bess, gots, Deces, the ts, And wait, zass, half, Tzess, will fly, as a cup, Lets go, Metzas, nits, sass, zass, Pess, Szczes, Qats, Retz, Shatz, Fly away
411, I will offer, greed, root, a foot, offer, and offer, sweat, grass, Tez, will perform, as a, offer, platform, offer, step, suggested, wound, Scream, cut, hurt, swim,offer
412, I will watch, afloat, Plaster, leaked, the float, and floating, Zeff, cheeky, floated, will float, as a float, to float, expecting, Observed, Sesaf, fly, pop, pop, foam, sequence, floating, will float
413, I will jump, popped up, squat, splashed, take a look, and popped up, shined, gravel, pop up, will pop up, as a pop, pop up, sucking, glitter, a glimpse, earthenware, detonator, popped up, cut, ran, that pops up, pop up
414, I will, dough, Getzk, clicked, Tick, and zak, Zatzek, Heck, Tzak, cast, as a, Lezk, Mtsek, we will, Sasak, cried out, a snap, squeal, a crack, ran, Szczecin, pour
415, treasured, ore, a fence, Dezer, the narrow, and narrow, Zezar, Yard, Tzer, inclination, narrow, to trouble,strait, scion, Szar, stop, Patzer, honked, short, a runner, Shatter, trouble
416, I will, in chalk, bump, splash, the tick, and tshsh, zachsh, Hay, tsesh, Tsesh, as a cup, to listen, Tweezer, Tsash, Shhh, a pot, Pesh, twitter, a straw, rattling, Shhh, take a look
417, acceleration, Swamp, you got, You lit up, fire up, and a fire, you got, you crossed, Tzat, You will be fired, a bit, to ignite, spark plug, spark plug, you sat, advice, you paid, you popped up, Some, you ran, you swim, Ignite
418, Aka, Baka, Gakka, Daka, The vomit, And ka, Zaka, Haka, Tka, Yaka, as, To Ka, Maca, Neka, Ska, Aka, Paka, Cheka, Kaka, Reka, Shaka, poo
419, Akb, on crutches, Gakev,trace, the crutch, and a crutch, Zekeb, a hook, Tcb, winery, as a crutch, to crutch, mace, puncture, Skab, Due, Pekab, Tsak, Kevlar, decay, Shab, ok
420, ECG, in Kg, gkk, check, the keg, and Kg, zagg, celebrated, takag, ykg, Kg, to Kg, McG, Nakg, Skag, ekag, corkscrew, Tskeg, Kkg, Rakeg, Shekg, Tag
421, Acad, checked, gaked, accurate, the previous, and, Zaked, Hakkad, Tacked, Yakad, Kekd, Laked, target, dot, Sked, committed, chief, was right, cockroach, danced, Almond, go ahead
422, Aka, Becca, Geka, Minute, Heka, And Ka, Zeke, imitated, Teka, Yaka, Kaka, Laka, mecca, Clean up, Seka, Aka,cam, Tsaka, poop, temple, drink, Teka
423, Echo, in line, gecko, deco, the line, and line, Zeko, imitate, Taco, Yoko, as a line, to the line, from, clean up, Sco, Eko, Peko, Tsko, Kako, Reco, line, Teko
424, Ex, Bekaz, six, Dakz, the kez, And Kez, zakz, Heck, Tkz, Yakz, approx, Lex, Makz, drain, Skaz, Akez, Pekez, click, KCZ, concentrate, Shekz, 16
425, I will take, take away, Gekah, a minute, take, and take, stood up, Heck, Takh, will take, take, Lesson, taking, will take, Scakh, stubborn, inspector, screamed, Kekah, perfumer, talk, take
426, Act, Beckett, jacket, Duct, the little, and Kat, jacket,quiet, tact, Yakt, as a little, collection, Makt, took, Quiet, ect, Fact, quiet, Cacti, rocket, Quiet, a little
427, Aki, versed, gaki, thin, The key, And Ki, Zaki, khaki, Taki, Yaki, Kaki, Lackey, McKee, net, ski, stubborn, Paki, Tsaki, Poop, Raki, Sacks, Taki
428, akach, in Kach, Gecko, thin, the kech, And that's it, Zach, your law, Tkach, Yakch, like that, nail polish, Mech, click, Skach, your stifle, corkscrew, you laughed, Cuckoo, your neck, your bag, yours
429, Ekl, easy, Geckel, palm tree, the light, and easy, Zekel, farm, Tackle, It will be easy, as easy, to make it easy, Stick, easily, Skel, Akel, Pekel, Tsekal, Kekel, Rachel,NIS, Easy
430, I will, got up, Gacam, Decame, set up, and got up, Zakem, Hakem, Takeme, will rise, standing up, get up, place, revenge, Scheme, curvature, Pekm, Tsakm, got up, tissue, rose, stand up
431, Aken, in the nest, Gakan, dean, the nest, and Ken, an old, an actor, technical, Ken, as a nest, to the nest, a nest, clean up, Scan, Akan, pecan, old man, Keken, Raken, nest, standard
432, Ex, Bex, Gex, Dex, Hex, Wax, Zacks, Hex, ceremony, X, as a, Lex, Max, Nex, sex, Ex, fax, czech, Kex, Rex, Shax, ceremony
433, Ake, split, dent, Decay, the plug, and hatch, buttock, stuck, plugged, Ike, as a dent, sprain, outlet, sprain, a socket, sprain, burst, squealed, scratched, background, socket, plug
434, I will, in the border, a jerk, dakf, girth, and coffee, erect, skipped, Takaf, girth, as a, to circle, hyphen, Nakf, Skaf, bypassed, blinked, looked up, CCF, Rakef, Slide, valid
435, I will end, at the end, a jerk, Daktz, the end, and end, jumped up, cut off, Tact, will end, as an end, to the end, an end, a sting, a sketch, stung, Peck, pop up, Kektz, danced, abomination, snap
436, Ack, a poop, gecko, minutely, the cuckoo, and poop, refiner, enact, click, yuck, Cuckoo, lick, cockroach, nick, Sekak, lame, cork, click, lol, Reck, Sheck, click
437, acre, Beef,Gekar, Dakar, the cold, and cold, Zakar, research, Tucker, Expensive, as cold, to the cold, a case, Pick, Survey, futile, packer, Zakar, Kecker, Raker, a lie, flat
438, I will ask, ask for, Gagash, insist, the tap, and straw, ask, straw, Tash, straw, a straw, press, key, tap, Sash, stubborn, asked, click, straw, only that, shake, tap
439, Act, a cabin, Got it, a minute, the band, and cat, zakat, decree, Tick, Yout, as a butt, Lath, Mark, cleaned up, Skat, Ekat, cam, you got it, poop, temple, a bag, you beat
440, I will see, Bra, Gra, Dre, see, and see, seed, shit, Tra, fear, read, to see, a mirror, will be seen, Sarah,Ara, wild, Sadness, read, Shit, Shara, look
441, ambush, in brev, living in, Derv, The rabbi, And many, shoe lining, sword, Terev, will fight, as a rabbi, to the rabbi, maximum, fight, refuse, evening, Ferb, Burn, battle, Rabbi, heat wave, multiply
442, fabric, screw, Greg, echelon, killing, and Reg, Zarg, an exception, Treg, shot, as, Larg, Marg, Nerg, Serg, Arag, poppy seed, Zerg, Krag, Reg, Serg, slap
443, bronze, hail, itchy, Dredd, download, rose, twig, anxious, thrush, got off, scratched, go down, revolt, descend, Surd, Arad, mule, itchy, Creed, Reed, survived, Spinach
444, USA, Bera, live, Dre, pregnant, Vera,foreign, shit, Terra, shot, Miner, Lara, bile, a candle, Sera, awake, cow, Trouble, Happened, Rara, Sarah, Tara
445, Aro, bro, lived, Drew, Haru, Vero, a stranger, dug up, True, shot, meet, to Ro, Mero, Nero, Sero, wake up, Peru, trouble, happened, Rero, they sang, turn
446, cedar, tap, mortise, Drez, Herez, Varez, catalyst, rhyme, Trez, Yeraz, poster, to Raz, Merz, faucet, Sarez, Erz, Perez, catalyst, Kerez, Rez, Sharaz, Therese
447, host, ran away, Grah, Drah, the moon, and fled, shined, shit, trouble, moon, Necessity, fly away, paste, Norah, excess, Ehr, flower, screamed, ice,sniffed, dawned, come on
448, Art, beret, Gert, Dart, Hart, Vert, a pinch, stylus, Tart, Irt, scratch, Lart, Mart, nart, movie, Ert, individual, I'm sorry, carat, Tweet, Scratch, Tart
449, lion, clear, Gerry, Derry, After all, and ry, Zari, Hari, fresh, shooting, curry, Larry, Mary, Neri, Sri, my cities, fruit, balm, curry, Rari, sherry, Teri
450, Long, knee, Grech, way, the soft, and soft, zarach, lattice, Trech, thigh, volume, to soften, gravy, soft, Fern, value, hard, a need, soft, soft, fern, Soft
451, Earl, Berl, Grell, Daryl, Herl, Verl, Zerl, Haral, Terrell, Yarl,Carl, to rel, Merle, Nerl, Searle, uncircumcised, Pearl, Charles, Karl, Rare, Sherl, Thrall
452, Aram, however, gram, Derm, pick up, and Ram, current, boycott, not yet, Yaram, vineyard, to lift, lifting up, lifted up, serum, heap, Prem, snarl, cream, Ram, Shrem, contributed
453, Arne, Bern, Gren, Darren, Hearn, Vern, mattress, Horny, Tern, Iran, Karen, to Ren, Maran, Naran, captain, Eran, Fern, sad, Foundation, a whiner, Sharan, Tarn
454, venom, Bears, shred, ran over, destruction, Vers, Zeres, clay, Terrace, Yers, belly, Lars, March, Ners, Seres, Ers, a prize, a thorn, hook, Rears, Shres, corn
455, happened,bad, cupper, Dre, the bad, and bad, seed, shit, Tre, hurt, kneel down, for the worse, companion, harmed, a gale, Ere, dys, a leper, rupture, bad, Shera, Terah
456, Arf, barf, graph, Darf, the threshold, and ref, poured, despite, prey, let go, Karf, to ref, Murph, Nerf, Surf, Aref, parf, put up, Crepe, Raff, resin, Tarf
457, country, Bartz, Gretz, ran through, the runner, and ran, sprung, slot, Tertz, will run, hookworm, to run, March, vehemently, creeper, Eretz, breach, squealed, a wink, ran, Creeper, make an excuse
458, Arc, Lightning, Gerek, Derek, the herb, and only, Threw, insect, trek, vegetable, Kirk, to just, soup, nark,futile, deserted, Chapter, screamed, crack, Rarak, whistled, spit
459, Errr, find out, drag, dribble, Harrer, Verr, small, pierced, Terror, drooled, Karr, Lerr, bitter, Narr, serer, appeal, Ferrer, a bundle, cold, rrr, prevailed, Terr
460, Arsh, brush, apostrophe, demanded, Hersh, Warsaw, Zeresh, deaf, hardened, inherited, plank, to rush, Marsh, Naresh, Saresh, cradle, horseman, screamed, board, rustled, a root, Tarsh
461, Areth, Got it, you lived, Daret, pregnant, Wort, Pinky, engraver, Tarat, shot, Crete, to let, Mrs, a candle, server, Awake, Euphrates, trouble, Cold, Ret, Server, you know
462, I will carry, Basha, Gasha, grass, the ox,And Sha, zasha, secret, grass, will carry, as a, to carry, burden, carried, Sasha, Asa, Pesha, Tshasha, straw, allowed, that carried, bear
463, I will sit, in the shev, Gashb, Dashev, answer, and sat down, Zeshav, accountant, Tshev, sat down, As sat, sit down, breeze, We will sit down, sit down, grass, Peshav, Chesab, attention, Reshev, who sat, sit down
464, Ashg, in Shg, prospered, Dasg, achievement, and achieved, Zhg, dark, Tashg, will achieve, as c, to achieve, catch, won, Sasg, have fun, Peak, flourished, Kashg, Reshg, Shashg, you will achieve
465, cascade, in the breast, a crowd, Dashed, the demon, and a demon, Zhad, suspicion, Tshad, Yeshad, As a demon, marrow, from breast, Nishad, Shashad, Eshad, Peshad, Chshad,pay attention, Rashed, Shash, breastfeed
466, woman, Basha, Gesha, Dasha, the lamb, And she, Zasha, felt, Tesha, Yesha, when, Lesha, Moses, a woman, Sasha, Made, Pesha, a cup, Hard, allowed, six, Drink
467, Esho, Shaw, approach, Dasho, the show, And Shaw, Zasho, felt, Tshu, jesus, as, Shu, Mush, married, Sesho, did, Pesho, wait, hard, Reshu, Shashu, drink
468, Ashes, in Shaz, browse, D.S, the chess, and that, Shhh, Shaz, Tshz, Ishaz, when g, to Shaz, Mashaz, we will move, shhh, Ashaz, Pashz, Shhh, Kashz, Rashaz, Shhh, Sixteen
469, Fir tree, in chess, prospered, Mashah, the chess, and swam, Sizzling, dark, Tash,Jesus, as, to play, anointing, Nasheh, Sashah, Ash, Pash, dry, tough, Resh, who swam, Shash
470, Asht, in the stomach, Gesht, Dasht, the net, esophagus, Zest, sensed, blur, will sail, as a, to sail, flotilla, Nesht, Sashet, Asht, Simplify, Chesht, decorate, Rasht, sailing, swim
471, Ashy, Beshi, approach, Dashi, the shi, and Shay, Zashi, sense, Chi, Yishai, when, to shi, silk, feminine, Sashi, do, Peshi, Tsashi, hard, Reshi, sixth, put
472, testicle, in you, Gashch, your, the pull, and your, Zhach, dark, tsach, you will, as you, your office, duration, usury, Sachach, mold, Peshch, Tsach, straw, Rech, that you, pull
473,tamarisk, mature, made a mistake, Dishel, Heschel, and of, Zachal, Heshal, Teschel, has, failure, to own, parable, sloughing, Sechel, He made, screw up, succeeded, failure, Rachel, Sheshel, Tishle
474, Guilty, on behalf of, rain, there, the Name, And there, Zhem, Hashem, Teshm, Yes, As there, opal, from there, a breath, Sesame, smoky, Pasham, Tsham, magic, wrote down, that's where, put
475, i will sleep, in the tooth, Geshen, fertilizer, the tooth, and tooth, Zshen, Hasan, Teshen, Old, as a, to the tooth, from, We slept, Session, smoke, Peshan, Cheshen, Keshan, Rashan, a tooth, sleep
476, Ashes, in Shas, a tracker, Dass, the sh, And Shas, Jess, Hass, Tchas, yesss, as s, To Shas, Mashas,Ness, Shhh, Lettuce, Pess, Shhh, Kashas, Rashes, Shhh, Thss
477, I will, at one o'clock, sin, nine, the hour, and an hour, Jeh, dark, Che, salvation, about o'clock, for an hour, hour, nine, Shasha, amused, crime, Tsesha, a crime, evil, six o'clock, nine
478, wizard, in the chef, Gashf, Dash, the chef, and a chef, brushed off, revealed, Tshef, Shaf, magic, to the chef, a wizard, ball, Chef, wizard, rubbed off, Tsheep, bewitched, resef, a chef, sorcerer
479, Asht, in Shatz, Gashetz, splashed, the shot, And Shatz, Zach, Shatz, Tashz, Ischat, as, Leschz, Meszt, bite, Sasz, mold, a plague, chirping, Shatz, Rashetz, Shashz, Tishtz
480, Ashek, in a sack, Gashek, dashk,the sack, and sack, Zhek, desire, Tashek, Ishak, as a bag, to the sack, farm area, Weapon, Sasak, Esek, Pashek, squeal, Chask, a rustle, Shash, shut up
481, which, meat, bridge, Desher, the minister, and sing, a weave, Hesher, 100, Straight, kosher, to minister, minister, Nesher, Sesher, ten, meaning, tsher, link, Rescher, who sings, tip
482, Ahhh, at six, tracker, Shuffle, the six, and six, Shh, fear, Tshsh, yesss, about six, to six, from six, bitten, Shhh, tooth decay, Gosh, Shhh, old man, rustle, Shhh, six
483, wife, in the, you approached, Dasht, shit, and that, brass, you felt, You left, there is, as six, to drink, from, woman, Sasheth, you did, Pesht,you see, Rainbow, Network, six, You will drink
484, I am, in the cell, Gatha, Data, the cell, and cell, Zeta, hata, aunt, Yata, as a cell, to the cell, from a cell, Nata, Seta, Ata, suddenly, get out, Kata, Reta, cell, cell
485, You're in, in Hebrew, Gatb, I wrote, The tab, and tab, Zetav, chopper, Tetab, Yatov, Wrote, to tab, from, router, Satev, Atev, Fatab, Tsvet, scribe, Rathov, He replied, you will
486, badge, in the tag, Gotag, Tag, the badge, and tag, Zatag, cut off, Tag, tag, as a tag, tag, switch, switch, refrained, Atag, Pateg, Plug in, Categ, sedated, tag, tag
487, Etad, in the, Getad, detd, the pole, and a stake, Zetad, Hasad,Tadda, stake, as a peg, to the stake, gauge, a stave, Sethed, future, Fated, side, cathode, Resonator, that, you will
488, are you, her daughter, Goethe, her religion, the tea, and tea, This is it, Hata, Tata, tea, class, for tea, dead, Natha, Setha, now, seduced, lit up, Catha, Retha, Drinking, tea
489, with him, his daughter, ghetto, his religion, the character, And that, That's it, signed, Teto, let him, His name, Leto, died, gave, autumn, Now, seduced, set off, Catho, Retho, drink, give
490, Atez, in the thesis, Getz, Detez, the thesis, and thesis, splashed, Hatz, Tetza, splash, as a thesis, splash, splash, sprinkle, Seth, Atz, Fatz, Sixteen, Cathez, Rathez, that the,splash
491, a splint, in hell, Gotah, a miner, the ass, and stab, sat down, cut, beat, a spear, force, to strain, Tension, chunk, Stah, atah, opening, Tash, Katah, boiled, shut up, strain
492, Att, in Tet, gott, Det, The tet, and tet, Zatat, Engraved, Tatt, Yat, as a tattoo, to tet, Matt, Nett, Stray, Att, patty, a note, Catheter, vibrated, Shatt, you will
493, ethical, my daughter, Getty, religious, the tea, and you, I am, Hittite, Tati, yeti, class, to, When, Natty, Sethi, my time, gullible, set fire to, Kathy, Rathi, two, under
494, with you, your daughter, Getach, your religion, the melt, and you, yours, cut, your father, your, as a, to you,meth, alloy, suture, now, your mouth, cut you off, cut off, welder, drink, under you
495, Ethel, in the mound, Gothel, Datel, the mound, and Tel, Zatel, a cat, roll, Yatel, a wall, to the mound, a rack, Netal, Setel, Atel, a twist, an umbrella, Kathl, Rathle, graft, mount
496, you, their daughter, Gotham, their religion, Them, And that's it, That's it, underwriter, Tem, Yatham, stain, to you, dead, you are, mere, now, a mouthful, closed, a stain, harness, That's it, give
497, you, daughter, Getan, Dathan, the jackal, and give, Zetan, groom, Tatan, May, jackass, to give, giving, Nathan, urine, Atan, adder, tzatan, Ketan, Ratan, urine, give
498, Ets, in Thess, Gets,Dats, the test, and thes, Zets, Hats, flew, Yats, a cup, to the tax, Maths, fell off, Seths, ats, Fats, fly, Kats, ratchet, Shats, you will
499, I will, in the tea, a mistake, Did you know?, the tea, and, planted, cut off, You will be mistaken, will know, as a, to test, from, a plant, Stave, now, suddenly, plant, cut off, recoil, what, you will
500, Ethaf, on a drum, gotaf, Datef, the drum, and a drum, Zetaf, He took off, Tetaf, will pass, shoulder, to drum, A swing, hung up, Seth, Ataf, Petaf, floated, Kataf, basement, share over, a spear
501, Atz, in a flash, Getz, Daetz, the splash, and splash, zatz, cut, jump, Yatz, Katz, to splash, Metz, shattered, Stuck in, Atz,Fatz, popped up, Katz, Rattz, Shatz, you will
502, Atek, in the file, gotak, stuck, App, seniority, got off, a piece, tap, bag, as a, to the file, sweetness, hang up, shut up, huge, note, Tsak, click, hook, Be silent, hang up
503, site, cut off, gether, Deter, heather, and let go, Zethar, Rowed, Tether, remainder, crown, Lether, a string, carbonate, secret, Petition, solved, Tzatar, Cathar, Rather, Sether, let
504, Ash, in thatch, Gotesh, dash, the weed, and thatch, Zatsh, Afraid, Tash, a goat, a mortar, to give, weakening, cut off, Seth, Atsh, Fetsh, Tsh, Ketch, shrill, six, get tired
505, signalman, in sub, Goth, you got religious, the sub, and sub, you got,hatt, you did, sub, sect, Give, gift, you gave, stonemason, Now, Seduction, set fire to, Kath, Rath, drink, give